0,0
0.0000015,16.55674
0.0000029,16.6637
0.0000023,16.9979
0.0000032,17.35308
0.0000052,17.69713
0.0000075,18.02934
0.0000093,18.36472
0.0000107,18.73497
0.0000119,19.08292
0.0000143,19.44805
0.0000168,19.83113
0.0000185,20.17256
0.0000202,20.52507
0.0000224,20.89103
0.0000242,21.26681
0.0000258,21.65213
0.0000272,22.04649
0.0000283,22.37814
0.0000297,22.70936
0.0000312,23.03996
0.0000333,23.43406
0.0000352,23.82463
0.0000369,24.2056
0.0000383,24.57949
0.0000399,24.94512
0.0000414,25.30527
0.0000436,25.66604
0.0000456,26.02797
0.0000478,26.3905
0.0000492,26.74834
0.0000507,27.10132
0.0000525,27.44848
0.0000543,27.78974
0.0000559,28.12642
0.0000576,28.51082
0.0000598,28.89116
0.0000618,29.27113
0.0000635,29.65278
0.0000652,29.98365
0.0000667,30.31827
0.0000681,30.65716
0.0000698,30.99588
0.0000714,31.33369
0.0000723,31.66599
0.0000731,32.04551
0.0000745,32.41647
0.0000757,32.77532
0.0000771,33.11979
0.0000787,33.45193
0.0000801,33.82349
0.0000816,34.18781
0.0000835,34.55323
0.0000857,34.92141
0.0000875,35.29201
0.0000884,35.66125
0.0000899,36.028
0.0000922,36.39019
0.0000938,36.74463
0.0000952,37.08947
0.0000966,37.4329
0.0000984,37.78059
0.0000996,38.13469
0.0001008,38.49659
0.0001022,38.86887
0.0001039,39.20067
0.0001056,39.53627
0.0001077,39.87115
0.0001094,40.20761
0.0001112,40.54354
0.0001123,40.87571
0.0001133,41.24738
0.0001147,41.60801
0.000116,41.95924
0.0001178,42.29986
0.0001193,42.63526
0.0001198,42.97652
0.0001216,43.3201
0.0001236,43.67168
0.0001255,44.02786
0.0001276,44.38299
0.0001293,44.72718
0.0001307,45.06799
0.0001326,45.40889
0.0001341,45.74532
0.0001357,46.11624
0.0001366,46.4502
0.0001384,46.78642
0.0001407,47.12564
0.0001426,47.47499
0.0001449,47.83502
0.0001463,48.20331
0.0001474,48.57426
0.000149,48.94012
0.0001504,49.30139
0.0001512,49.65419
0.0001531,50.00519
0.0001548,50.34922
0.0001561,50.6894
0.0001581,51.02319
0.0001597,51.35678
0.0001606,51.6956
0.0001616,52.03675
0.0001628,52.3789
0.0001646,52.71847
0.0001659,53.05633
0.0001669,53.39007
0.000169,53.72082
0.0001707,54.08611
0.0001725,54.44722
0.000174,54.80659
0.0001751,55.16691
0.0001761,55.53078
0.0001773,55.90262
0.0001792,56.24139
0.0001813,56.58979
0.0001837,56.94826
0.0001862,57.31599
0.0001876,57.67946
0.0001891,58.03687
0.0001904,58.39096
0.000191,58.73618
0.0001921,59.07331
0.0001934,59.40488
0.0001946,59.77094
0.0001966,60.13788
0.0001986,60.5089
0.0002003,60.84436
0.0002015,61.1807
0.0002026,61.51864
0.0002034,61.86003
0.0002048,62.20096
0.0002065,62.538
0.0002084,62.87423
0.0002106,63.21094
0.0002126,63.54509
0.0002139,63.87764
0.000215,64.24802
0.0002173,64.58076
0.0002191,64.91991
0.0002207,65.26548
0.0002224,65.61849
0.0002243,65.97626
0.0002262,66.33474
0.0002274,66.69423
0.0002278,67.05242
0.0002289,67.40969
0.0002297,67.76481
0.0002304,68.11384
0.0002315,68.45856
0.0002329,68.79765
0.0002343,69.13189
0.0002357,69.46394
0.0002373,69.79723
0.0002393,70.13297
0.0002408,70.47309
0.0002421,70.81525
0.0002438,71.15686
0.0002453,71.4982
0.0002464,71.8384
0.0002475,72.17298
0.000249,72.50699
0.0002501,72.83858
0.0002512,73.17165
0.0002528,73.50307
0.0002551,73.87462
0.0002572,74.21307
0.0002592,74.5596
0.0002609,74.90988
0.0002626,75.26829
0.0002644,75.62889
0.0002657,75.98698
0.000267,76.33954
0.0002684,76.68517
0.0002698,77.02468
0.0002714,77.35918
0.0002735,77.72996
0.0002756,78.09764
0.0002781,78.46691
0.0002803,78.83765
0.0002812,79.17089
0.0002818,79.50861
0.0002828,79.85277
0.000284,80.19736
0.0002853,80.53802
0.0002867,80.87723
0.0002885,81.21515
0.0002899,81.55068
0.0002909,81.88847
0.0002922,82.22878
0.0002939,82.57285
0.0002964,82.91985
0.0002993,83.27159
0.0003018,83.62865
0.0003036,83.99181
0.0003054,84.35795
0.000307,84.72629
0.0003082,85.09415
0.0003088,85.46011
0.0003094,85.8157
0.0003109,86.15998
0.0003123,86.49619
0.0003139,86.82673
0.0003158,87.19328
0.0003174,87.55923
0.000319,87.93082
0.0003201,88.26756
0.0003211,88.61298
0.0003222,88.95949
0.0003235,89.30425
0.0003249,89.64721
0.0003265,89.98623
0.0003282,90.3202
0.0003298,90.65376
0.0003312,90.99047
0.0003331,91.32968
0.0003353,91.6741
0.0003371,92.02045
0.0003396,92.37083
0.0003417,92.72881
0.0003431,93.0932
0.0003449,93.45712
0.0003467,93.82093
0.0003475,94.18215
0.0003492,94.54203
0.0003509,94.89034
0.0003524,95.22567
0.0003545,95.59053
0.000356,95.94759
0.0003575,96.30566
0.0003588,96.66683
0.0003601,97.03491
0.0003614,97.367
0.0003618,97.70609
0.0003628,98.04907
0.0003643,98.38879
0.0003656,98.72886
0.0003668,99.0635
0.0003683,99.39531
0.00037,99.76607
0.0003719,100.1362
0.0003737,100.4713
0.0003761,100.8162
0.000378,101.1726
0.0003796,101.5374
0.0003815,101.9083
0.000383,102.285
0.0003849,102.6594
0.0003864,103.0297
0.0003875,103.3976
0.0003889,103.7595
0.0003905,104.1132
0.0003913,104.4586
0.0003922,104.7974
0.0003938,105.1668
0.0003954,105.533
0.000397,105.9032
0.0003987,106.2739
0.000401,106.607
0.0004029,106.9423
0.0004041,107.2813
0.0004051,107.6236
0.0004062,107.9652
0.0004072,108.3027
0.0004092,108.6387
0.0004109,108.9726
0.0004118,109.3059
0.0004128,109.6469
0.0004144,109.9989
0.0004164,110.3637
0.0004188,110.7396
0.0004209,111.0712
0.0004221,111.4046
0.0004234,111.7817
0.0004248,112.1549
0.0004257,112.5214
0.0004268,112.8808
0.000428,113.2323
0.000429,113.5809
0.0004306,113.9214
0.0004328,114.2918
0.0004342,114.6599
0.0004354,114.9908
0.0004373,115.3286
0.0004393,115.6693
0.0004406,116.0127
0.0004424,116.3571
0.0004444,116.6949
0.0004468,117.0656
0.0004489,117.4265
0.000451,117.7841
0.0004524,118.1442
0.0004534,118.5112
0.0004545,118.8461
0.0004561,119.1981
0.0004568,119.5648
0.0004579,119.9351
0.0004594,120.3118
0.000461,120.688
0.0004627,121.0597
0.0004641,121.4274
0.0004655,121.7892
0.0004669,122.1434
0.0004693,122.4912
0.0004707,122.8339
0.000471,123.1751
0.0004719,123.5162
0.0004731,123.8525
0.0004739,124.1948
0.0004755,124.5431
0.0004777,124.8934
0.0004795,125.2438
0.0004814,125.5934
0.0004832,125.9401
0.0004847,126.2805
0.0004867,126.6149
0.0004888,126.9843
0.0004897,127.315
0.00049,127.6465
0.0004911,127.9849
0.0004923,128.3361
0.0004938,128.6973
0.0004961,129.0712
0.0004982,129.4452
0.0004994,129.8167
0.0005013,130.1886
0.0005026,130.5555
0.0005041,130.9154
0.0005068,131.2695
0.0005095,131.6114
0.0005115,131.9467
0.0005136,132.3145
0.000515,132.6824
0.0005157,133.0161
0.0005163,133.3532
0.0005185,133.6984
0.0005203,134.045
0.0005211,134.3878
0.0005236,134.7293
0.0005253,135.0629
0.0005266,135.4321
0.0005281,135.7962
0.0005297,136.1557
0.000531,136.5228
0.0005316,136.8563
0.0005326,137.1991
0.0005352,137.5502
0.0005366,137.9108
0.0005381,138.278
0.0005405,138.6423
0.0005418,139.0012
0.0005438,139.3568
0.000547,139.7082
0.0005488,140.0539
0.0005502,140.3918
0.0005525,140.7245
0.0005544,141.0956
0.0005547,141.4274
0.0005561,141.7617
0.0005578,142.1012
0.0005582,142.4442
0.0005593,142.7905
0.0005608,143.137
0.0005616,143.4822
0.000563,143.8238
0.0005653,144.1653
0.0005663,144.5076
0.0005675,144.8457
0.0005687,145.1838
0.00057,145.5298
0.0005717,145.8762
0.0005741,146.2258
0.0005754,146.5851
0.000577,146.9495
0.0005792,147.3138
0.0005805,147.6751
0.000581,148.0336
0.0005826,148.3905
0.0005845,148.7398
0.0005862,149.0856
0.000588,149.4271
0.0005896,149.7644
0.0005901,150.0963
0.0005912,150.4641
0.0005925,150.8347
0.0005937,151.1691
0.000595,151.5081
0.0005969,151.8478
0.0005985,152.1832
0.0006001,152.5149
0.0006022,152.8852
0.000604,153.2181
0.0006047,153.5551
0.0006055,153.89
0.0006072,154.2264
0.000608,154.566
0.000609,154.9073
0.0006108,155.2604
0.0006119,155.6261
0.0006124,155.9962
0.0006142,156.3643
0.0006158,156.7288
0.0006176,157.0821
0.0006194,157.4312
0.0006211,157.773
0.0006223,158.1069
0.000624,158.4744
0.0006266,158.837
0.0006293,159.1958
0.000631,159.555
0.0006325,159.9155
0.0006343,160.2862
0.000636,160.6217
0.0006376,160.959
0.0006388,161.2937
0.0006398,161.6335
0.0006408,161.9702
0.0006414,162.3026
0.0006422,162.6359
0.0006432,162.9767
0.0006449,163.3263
0.0006468,163.6809
0.0006488,164.0411
0.0006503,164.4094
0.0006527,164.7835
0.0006546,165.1542
0.0006559,165.5215
0.000657,165.8873
0.0006582,166.2511
0.0006596,166.6124
0.0006614,166.9652
0.0006629,167.3076
0.0006641,167.647
0.0006648,167.984
0.0006665,168.3169
0.0006687,168.6858
0.0006707,169.0556
0.0006719,169.3865
0.0006738,169.7184
0.0006754,170.0535
0.0006761,170.3892
0.0006768,170.7212
0.0006784,171.0558
0.0006802,171.3915
0.0006825,171.7248
0.0006846,172.0587
0.0006859,172.3947
0.0006874,172.7383
0.0006891,173.086
0.00069,173.4428
0.0006916,173.8095
0.0006934,174.1734
0.0006948,174.5382
0.0006957,174.9041
0.0006972,175.2635
0.0006991,175.6156
0.0007006,175.9571
0.0007023,176.2947
0.0007041,176.6273
0.000706,176.9927
0.0007075,177.3537
0.0007087,177.7136
0.0007097,178.076
0.0007108,178.4431
0.0007126,178.8145
0.0007142,179.1826
0.0007161,179.5472
0.0007179,179.9078
0.0007194,180.2701
0.0007216,180.6346
0.0007238,181.003
0.0007261,181.3368
0.0007279,181.6783
0.0007294,182.0316
0.0007308,182.3909
0.0007317,182.7546
0.0007329,183.1195
0.0007342,183.4912
0.0007357,183.8645
0.0007372,184.2307
0.0007384,184.5873
0.00074,184.9371
0.0007426,185.2771
0.000745,185.6116
0.0007468,185.9444
0.0007489,186.3121
0.0007509,186.6802
0.0007525,187.0117
0.0007539,187.3484
0.0007554,187.6866
0.0007568,188.0249
0.0007585,188.3581
0.0007599,188.6888
0.0007617,189.06
0.0007636,189.4259
0.0007648,189.7882
0.0007662,190.1559
0.0007671,190.4923
0.0007685,190.8354
0.0007705,191.1805
0.0007715,191.5344
0.0007722,191.8954
0.0007738,192.2529
0.0007752,192.6123
0.0007769,192.9684
0.0007787,193.3195
0.0007806,193.6573
0.0007828,194.0254
0.0007852,194.3864
0.0007875,194.7444
0.0007883,195.105
0.000789,195.4686
0.0007904,195.8009
0.0007921,196.142
0.0007935,196.4858
0.0007947,196.8271
0.000796,197.1595
0.0007966,197.5218
0.0007982,197.8744
0.0007995,198.2222
0.0007997,198.57
0.0008002,198.928
0.0008022,199.2937
0.000804,199.6276
0.000806,199.9694
0.000809,200.3153
0.0008114,200.6679
0.0008131,201.0278
0.0008145,201.389
0.0008162,201.7539
0.0008178,202.1171
0.0008194,202.4709
0.0008213,202.8143
0.000823,203.1568
0.000824,203.4932
0.0008246,203.8284
0.0008252,204.1651
0.0008262,204.5095
0.0008274,204.8557
0.0008281,205.206
0.0008301,205.5573
0.0008328,205.8984
0.0008353,206.2325
0.0008375,206.5993
0.0008392,206.9617
0.0008406,207.3291
0.0008417,207.6598
0.0008428,207.9906
0.0008442,208.328
0.0008456,208.6804
0.0008474,209.0446
0.0008492,209.4143
0.0008509,209.7842
0.000852,210.1587
0.0008536,210.5248
0.0008555,210.8817
0.0008571,211.2295
0.000858,211.5633
0.0008592,211.9256
0.0008611,212.2781
0.0008626,212.6303
0.0008641,212.9951
0.0008658,213.3282
0.0008676,213.6702
0.0008694,214.0162
0.0008711,214.3607
0.0008724,214.6972
0.0008745,215.0568
0.0008766,215.4079
0.0008788,215.757
0.0008803,216.1098
0.0008819,216.474
0.0008839,216.8076
0.0008852,217.1555
0.0008862,217.5045
0.0008871,217.8521
0.0008883,218.2038
0.0008888,218.559
0.0008893,218.9147
0.0008901,219.2625
0.0008916,219.6071
0.0008942,219.9428
0.0008963,220.2736
0.0008984,220.6351
0.0009015,220.992
0.0009036,221.3489
0.0009048,221.711
0.0009059,222.0418
0.0009077,222.3832
0.0009094,222.726
0.0009105,223.0676
0.0009116,223.4065
0.0009126,223.7388
0.0009151,224.1003
0.0009172,224.4543
0.0009191,224.8054
0.000921,225.1641
0.0009222,225.5316
0.0009235,225.8711
0.0009249,226.2219
0.0009262,226.5796
0.0009278,226.9416
0.0009291,227.3056
0.0009304,227.6672
0.0009316,228.027
0.0009333,228.3802
0.0009351,228.722
0.0009362,229.0549
0.0009378,229.4198
0.0009393,229.7798
0.0009416,230.1369
0.0009437,230.5014
0.0009453,230.8335
0.0009472,231.1686
0.0009492,231.5044
0.0009505,231.8446
0.000951,232.1817
0.0009522,232.5133
0.0009541,232.8755
0.0009564,233.2307
0.000958,233.5861
0.0009595,233.9498
0.000961,234.2812
0.0009624,234.6248
0.0009635,234.9725
0.0009651,235.324
0.0009666,235.6766
0.0009678,236.0319
0.0009689,236.3847
0.0009706,236.7361
0.0009726,237.0844
0.0009749,237.4241
0.0009778,237.794
0.0009799,238.153
0.0009821,238.5117
0.0009838,238.872
0.0009849,239.2299
0.0009865,239.5992
0.0009882,239.9695
0.0009893,240.3372
0.0009907,240.7043
0.0009921,241.0678
0.0009938,241.4246
0.0009953,241.7786
0.0009967,242.1281
0.0009977,242.4814
0.0009989,242.8406
0.0010002,243.1751
0.0010016,243.5203
0.0010042,243.8765
0.0010068,244.2403
0.0010084,244.6053
0.0010099,244.9689
0.0010112,245.3255
0.0010119,245.6792
0.0010133,246.0233
0.0010153,246.3588
0.0010173,246.728
0.0010186,247.0918
0.0010202,247.4577
0.0010219,247.8234
0.0010234,248.1888
0.0010256,248.5581
0.0010267,248.8903
0.0010276,249.2237
0.0010286,249.5563
0.0010298,249.8891
0.0010314,250.2589
0.0010334,250.6235
0.0010349,250.9865
0.0010366,251.3547
0.0010381,251.7255
0.0010397,252.0615
0.0010411,252.4058
0.0010421,252.7552
0.0010437,253.1046
0.001046,253.4561
0.0010487,253.8104
0.0010512,254.1625
0.0010536,254.5096
0.0010549,254.8453
0.0010564,255.176
0.0010576,255.5461
0.0010586,255.9147
0.0010601,256.2789
0.0010619,256.6335
0.001063,256.9892
0.0010641,257.3513
0.0010657,257.7177
0.0010676,258.0889
0.0010691,258.4504
0.0010705,258.8079
0.0010724,259.1605
0.0010745,259.51
0.0010765,259.8603
0.0010782,260.2181
0.001079,260.5866
0.0010793,260.9202
0.0010808,261.26
0.0010824,261.6053
0.0010847,261.953
0.0010871,262.3034
0.0010892,262.6526
0.0010906,262.9984
0.0010921,263.3416
0.0010937,263.6851
0.0010948,264.0213
0.0010957,264.3532
0.0010979,264.7195
0.0011005,265.0883
0.0011029,265.4536
0.0011047,265.8201
0.0011061,266.1864
0.0011082,266.5503
0.0011105,266.9153
0.0011131,267.2791
0.0011152,267.6399
0.0011162,267.9953
0.0011171,268.3549
0.0011185,268.7203
0.0011202,269.0886
0.0011218,269.4221
0.001123,269.7604
0.0011252,270.1018
0.0011274,270.4478
0.0011293,270.7971
0.0011315,271.1459
0.0011334,271.4918
0.0011343,271.8371
0.0011354,272.1779
0.0011368,272.5082
0.0011381,272.8677
0.0011393,273.2204
0.0011408,273.5773
0.0011428,273.9393
0.0011445,274.3061
0.0011458,274.6746
0.0011474,275.0444
0.0011482,275.4118
0.0011493,275.7753
0.0011516,276.1426
0.0011538,276.4986
0.0011555,276.8491
0.0011577,277.1962
0.0011602,277.5439
0.001162,277.9023
0.0011631,278.2714
0.0011639,278.606
0.0011652,278.9471
0.0011669,279.2947
0.0011689,279.6386
0.0011711,279.9741
0.001173,280.3088
0.0011752,280.6772
0.0011773,281.0429
0.0011783,281.3985
0.0011796,281.7495
0.001181,282.0972
0.0011822,282.447
0.0011836,282.7982
0.0011853,283.1597
0.0011869,283.5291
0.0011888,283.8983
0.0011908,284.2663
0.0011921,284.6329
0.0011938,284.9916
0.0011954,285.3475
0.0011969,285.7057
0.0011989,286.0662
0.0012014,286.4334
0.0012027,286.7686
0.0012038,287.1084
0.0012057,287.4502
0.0012079,287.7939
0.0012096,288.1397
0.0012105,288.4871
0.0012122,288.8247
0.0012141,289.1569
0.0012162,289.5231
0.0012185,289.8774
0.0012211,290.2229
0.0012232,290.5724
0.0012251,290.9183
0.0012265,291.2658
0.0012286,291.6149
0.0012307,291.9703
0.0012323,292.3334
0.0012335,292.7015
0.0012346,293.0666
0.0012362,293.4262
0.0012375,293.7803
0.0012391,294.1257
0.0012402,294.4738
0.0012415,294.8333
0.0012429,295.2057
0.0012444,295.5489
0.0012467,295.8938
0.001249,296.2398
0.0012512,296.5869
0.0012531,296.9288
0.0012542,297.2642
0.0012561,297.6298
0.0012584,297.9834
0.0012607,298.3243
0.0012622,298.6606
0.0012634,298.9909
0.0012652,299.3246
0.0012674,299.6715
0.0012695,300.0194
0.001271,300.3724
0.0012717,300.7267
0.0012728,301.0831
0.0012747,301.4381
0.0012767,301.7883
0.0012787,302.1358
0.0012812,302.4828
0.0012828,302.8374
0.0012842,303.2008
0.0012854,303.5323
0.0012868,303.8692
0.0012888,304.2129
0.0012913,304.5603
0.0012938,304.9073
0.0012961,305.249
0.0012977,305.587
0.0012997,305.9522
0.001302,306.3077
0.001303,306.6567
0.001304,306.9876
0.0013059,307.3498
0.0013074,307.7074
0.0013098,308.0741
0.0013119,308.4209
0.0013131,308.777
0.001315,309.1303
0.0013171,309.4809
0.0013192,309.8271
0.0013216,310.1739
0.0013233,310.5156
0.001325,310.8523
0.0013276,311.1965
0.0013292,311.5552
0.0013306,311.9212
0.0013312,312.2551
0.0013321,312.594
0.0013335,312.938
0.0013352,313.2806
0.0013366,313.622
0.0013383,313.9537
0.0013396,314.3172
0.0013413,314.6706
0.001343,315.0105
0.0013444,315.3465
0.0013469,315.6816
0.0013484,316.019
0.0013496,316.362
0.0013513,316.7072
0.0013531,317.0499
0.0013554,317.3873
0.0013574,317.7239
0.001361,318.0851
0.001364,318.4416
0.0013665,318.7996
0.0013678,319.1301
0.0013688,319.4709
0.0013702,319.8285
0.0013712,320.2
0.0013723,320.5408
0.0013742,320.8832
0.0013756,321.2265
0.001377,321.5692
0.0013788,321.9056
0.0013801,322.2691
0.0013818,322.6233
0.0013843,322.9678
0.001387,323.304
0.0013892,323.6686
0.0013914,324.0351
0.0013933,324.3718
0.001395,324.7204
0.0013963,325.0734
0.0013975,325.4254
0.0013995,325.7663
0.0014014,326.1325
0.0014033,326.4941
0.0014045,326.8502
0.0014068,327.2081
0.0014091,327.5405
0.0014114,327.8867
0.0014134,328.2483
0.0014149,328.6167
0.0014169,328.9479
0.0014189,329.3168
0.0014209,329.6802
0.0014228,330.038
0.0014251,330.3861
0.0014272,330.7272
0.0014292,331.0672
0.0014308,331.3978
0.0014313,331.7624
0.0014325,332.1267
0.0014347,332.4591
0.0014371,332.7985
0.0014392,333.1417
0.0014411,333.4791
0.001443,333.8107
0.0014454,334.1716
0.001449,334.5348
0.0014518,334.8941
0.0014537,335.2598
0.0014553,335.5963
0.0014569,335.9494
0.0014584,336.3104
0.0014603,336.6772
0.0014618,337.0436
0.0014624,337.4098
0.0014632,337.7727
0.0014645,338.1284
0.001467,338.471
0.0014699,338.8032
0.0014723,339.1344
0.0014749,339.5007
0.0014758,339.8324
0.0014774,340.1662
0.0014801,340.5029
0.001483,340.8411
0.0014854,341.1752
0.0014872,341.5098
0.001489,341.8753
0.0014907,342.2376
0.001493,342.5956
0.0014944,342.9266
0.001496,343.2589
0.0014977,343.5932
0.0015,343.9345
0.0015021,344.283
0.0015044,344.6361
0.0015063,344.9945
0.0015083,345.3464
0.0015098,345.6931
0.0015116,346.0273
0.0015139,346.388
0.0015156,346.7354
0.0015183,347.0808
0.0015212,347.4349
0.0015241,347.7985
0.0015262,348.1639
0.0015283,348.4945
0.0015305,348.8594
0.0015321,349.2214
0.0015343,349.5758
0.0015363,349.9286
0.0015383,350.2722
0.0015404,350.6257
0.0015424,350.9903
0.0015438,351.3245
0.0015459,351.6663
0.0015487,352.0148
0.0015513,352.3622
0.0015538,352.7001
0.0015559,353.0309
0.0015574,353.3641
0.0015601,353.729
0.0015626,354.086
0.0015653,354.4342
0.001568,354.779
0.0015703,355.1222
0.0015725,355.472
0.0015744,355.8335
0.0015771,356.1938
0.0015801,356.5595
0.0015817,356.9181
0.0015828,357.2684
0.001585,357.6198
0.0015875,357.9724
0.00159,358.3344
0.0015926,358.6658
0.0015947,359.001
0.0015972,359.3451
0.0015995,359.6877
0.0016015,360.0241
0.0016035,360.3556
0.0016048,360.7185
0.0016067,361.0709
0.0016092,361.4203
0.0016114,361.7667
0.0016131,362.1068
0.0016152,362.4428
0.0016178,362.7751
0.00162,363.1075
0.0016214,363.4436
0.0016232,363.7803
0.0016262,364.1164
0.0016282,364.4487
0.0016297,364.7819
0.0016315,365.116
0.0016335,365.4529
0.0016362,365.7925
0.0016395,366.1468
0.0016418,366.5115
0.0016443,366.876
0.0016464,367.2401
0.0016489,367.6028
0.0016506,367.961
0.0016536,368.3083
0.0016569,368.6474
0.0016598,369.0092
0.0016623,369.3586
0.0016655,369.7053
0.0016675,370.062
0.0016697,370.3967
0.0016723,370.7389
0.0016756,371.0814
0.0016785,371.4166
0.0016805,371.7761
0.0016828,372.139
0.0016847,372.4729
0.0016873,372.8138
0.0016896,373.1655
0.001692,373.5246
0.0016944,373.885
0.0016967,374.2474
0.001699,374.6144
0.0017009,374.9447
0.0017033,375.3059
0.0017056,375.6579
0.0017087,375.9948
0.0017118,376.3561
0.0017149,376.7103
0.0017184,377.0664
0.0017216,377.4288
0.0017245,377.7596
0.0017263,378.094
0.0017286,378.4559
0.0017314,378.8114
0.0017341,379.1552
0.0017372,379.4906
0.00174,379.8291
0.0017428,380.178
0.0017457,380.5136
0.001749,380.8586
0.0017519,381.2123
0.0017539,381.5649
0.0017555,381.9099
0.0017571,382.2465
0.0017596,382.6015
0.0017622,382.9383
0.0017655,383.2895
0.0017686,383.6445
0.0017712,383.9813
0.0017738,384.3251
0.0017758,384.6717
0.0017779,385.0128
0.0017809,385.3499
0.0017835,385.6847
0.0017859,386.0155
0.0017891,386.3472
0.0017917,386.6876
0.001794,387.0413
0.001796,387.3769
0.0017977,387.718
0.0017998,388.0647
0.0018026,388.4199
0.0018059,388.7706
0.001809,389.1095
0.0018131,389.4661
0.0018167,389.8077
0.00182,390.1423
0.0018226,390.4827
0.0018255,390.8377
0.0018286,391.196
0.0018312,391.5496
0.0018338,391.8937
0.0018358,392.2279
0.0018378,392.5797
0.0018408,392.9335
0.0018443,393.2655
0.0018485,393.6178
0.0018524,393.9557
0.0018553,394.2956
0.0018579,394.6375
0.0018605,394.9994
0.0018628,395.3506
0.001866,395.6845
0.0018695,396.0306
0.0018721,396.3688
0.0018749,396.7096
0.0018769,397.0615
0.0018798,397.4004
0.0018835,397.7405
0.001887,398.0745
0.0018897,398.4179
0.0018929,398.7744
0.0018967,399.1273
0.0019003,399.4692
0.0019033,399.829
0.0019063,400.1768
0.0019089,400.5355
0.0019113,400.8856
0.0019134,401.2238
0.0019152,401.557
0.0019177,401.9057
0.0019206,402.2451
0.0019242,402.577
0.0019271,402.9106
0.0019307,403.2498
0.0019345,403.5997
0.0019395,403.9306
0.0019436,404.2816
0.0019477,404.6219
0.0019506,404.9584
0.0019535,405.2961
0.0019563,405.6382
0.0019594,405.997
0.001962,406.3388
0.0019649,406.6885
0.0019686,407.0373
0.0019721,407.3756
0.0019762,407.7327
0.0019794,408.0715
0.0019833,408.4224
0.001986,408.7617
0.0019899,409.109
0.0019928,409.4434
0.0019964,409.7793
0.0020004,410.1182
0.0020044,410.4504
0.0020087,410.7886
0.0020111,411.1197
0.0020148,411.4618
0.0020189,411.803
0.0020234,412.1616
0.0020266,412.495
0.00203,412.851
0.0020338,413.1954
0.0020366,413.5494
0.0020407,413.8849
0.0020453,414.2377
0.0020496,414.5882
0.0020531,414.9215
0.0020572,415.2561
0.0020613,415.6024
0.0020651,415.9435
0.0020683,416.2802
0.0020721,416.6196
0.0020765,416.9609
0.0020796,417.2995
0.0020827,417.6371
0.0020867,417.995
0.0020904,418.3285
0.0020941,418.682
0.0020978,419.0234
0.0021018,419.3803
0.0021058,419.7183
0.0021088,420.0497
0.0021136,420.3961
0.0021196,420.7451
0.0021234,421.0783
0.0021272,421.4336
0.0021325,421.7781
0.0021368,422.1177
0.0021413,422.4567
0.002146,422.8119
0.0021489,423.1556
0.002151,423.4878
0.0021548,423.8444
0.0021596,424.2013
0.0021652,424.5515
0.0021703,424.8836
0.0021738,425.2283
0.0021761,425.5739
0.0021805,425.9167
0.0021856,426.2539
0.0021914,426.5894
0.002197,426.932
0.0022011,427.2683
0.0022051,427.6133
0.0022088,427.967
0.0022117,428.3211
0.002216,428.6612
0.0022209,429.0045
0.0022257,429.3478
0.0022301,429.6795
0.0022348,430.0284
0.0022403,430.3778
0.0022435,430.7223
0.0022478,431.0727
0.0022534,431.4256
0.002257,431.7784
0.0022628,432.1244
0.0022674,432.4595
0.0022721,432.801
0.0022776,433.1376
0.0022819,433.4791
0.0022866,433.833
0.002292,434.1845
0.0022973,434.5294
0.002303,434.8774
0.00231,435.2162
0.0023143,435.5554
0.0023191,435.9013
0.002323,436.2505
0.0023298,436.5917
0.0023353,436.9261
0.0023413,437.2694
0.0023467,437.6105
0.0023537,437.9593
0.0023596,438.3
0.0023644,438.6498
0.0023686,438.9972
0.0023733,439.3475
0.0023782,439.6912
0.002384,440.0249
0.0023898,440.3558
0.0023951,440.6939
0.0024002,441.0373
0.0024042,441.3858
0.0024114,441.7286
0.0024191,442.0607
0.0024266,442.412
0.0024303,442.7476
0.0024369,443.0882
0.0024416,443.4328
0.002447,443.7735
0.0024529,444.1084
0.0024604,444.4478
0.0024673,444.7972
0.0024717,445.1472
0.0024782,445.4889
0.0024854,445.8276
0.0024919,446.1672
0.0024975,446.5068
0.0025029,446.858
0.0025114,447.2061
0.0025181,447.5426
0.0025258,447.8864
0.0025323,448.232
0.0025396,448.5696
0.0025477,448.909
0.0025542,449.2524
0.0025602,449.586
0.0025671,449.9244
0.0025746,450.2634
0.0025833,450.6129
0.0025909,450.9486
0.0025976,451.2848
0.0026045,451.63
0.0026148,451.9715
0.0026226,452.304
0.0026306,452.6476
0.0026371,452.9831
0.0026462,453.3146
0.0026557,453.6597
0.0026636,454.0006
0.0026724,454.3425
0.0026796,454.6809
0.0026898,455.0223
0.0026977,455.361
0.002707,455.6951
0.0027197,456.0368
0.0027293,456.3713
0.0027387,456.7097
0.0027451,457.0476
0.0027516,457.3835
0.0027636,457.7158
0.0027759,458.0543
0.0027862,458.3895
0.0027966,458.7281
0.0028082,459.0697
0.002823,459.4111
0.002831,459.7488
0.0028407,460.0899
0.0028535,460.4242
0.0028684,460.7637
0.002882,461.0954
0.0028961,461.4262
0.0029119,461.7593
0.0029243,462.0945
0.0029381,462.4329
0.0029507,462.7676
0.0029645,463.103
0.0029841,463.4346
0.0030037,463.7676
0.0030187,464.1035
0.0030347,464.441
0.003055,464.7768
0.0030813,465.1084
0.0031091,465.4397
0.0031295,465.7761
0.0031535,466.1077
0.0031889,466.443
0.0032162,466.777
0.0032449,467.1134
0.0032904,467.4456
0.0033445,467.7639
0.0033982,468.0398
0.0034521,468.2869
0.0035104,468.5907
0.0035678,468.7444
0.0036295,468.9443
0.0036886,468.9902
0.0037462,469.2397
0.0038078,469.2489
0.0038646,469.1606
0.0039228,469.4287
0.0039834,469.6766
0.0040455,469.794
0.0041113,470.0483
0.0041788,470.0794
0.0042458,470.2799
0.0043128,470.2289
0.0043793,470.4713
0.004448,470.5103
0.004516,470.7354
0.004584,470.7423
0.004655,470.9616
0.0047284,471.0826
0.0047943,471.2452
0.0048642,471.3727
0.0049335,471.4322
0.0050038,471.6559
0.0050759,471.7924
0.005149,471.9675
0.0052202,472.0919
0.0052935,472.2341
0.0053669,472.3637
0.0054419,472.6404
0.0055129,472.6799
0.0055889,472.897
0.0056619,472.8949
0.005734,473.2264
0.0058096,473.2542
0.0058885,473.514
0.0059638,473.5345
0.0060387,473.7322
0.0061167,473.8258
0.0061919,473.9786
0.0062693,474.1286
0.0063463,474.2514
0.0064259,474.3982
0.0065032,474.5443
0.0065833,474.6428
0.00666,474.7482
0.0067387,474.8378
0.006816,474.9837
0.0068961,475.1453
0.0069777,475.1656
0.0070554,475.2991
0.0071323,475.3331
0.007211,475.6166
0.0072961,475.6102
0.007379,475.7386
0.0074588,475.768
0.0075396,475.9435
0.0076238,475.981
0.0077061,476.141
0.0077865,476.1335
0.0078719,476.2719
0.0079531,476.2834
0.0080386,476.5279
0.0081243,476.4786
0.0082101,476.6442
0.0082938,476.5931
0.0083776,476.7649
0.0084642,476.861
0.0085484,476.9356
0.0086353,476.99
0.0087204,477.0013
0.008806,477.1563
0.0088899,477.1954
0.0089772,477.3325
0.0090661,477.33
0.0091508,477.4157
0.0092356,477.493
0.0093222,477.6187
0.0094097,477.5921
0.0094973,477.7275
0.0095842,477.7217
0.0096714,477.9143
0.0097603,477.8657
0.0098473,478.0182
0.0099353,477.9587
0.0100223,478.1582
0.0101082,478.1795
0.0101996,478.2776
0.0102866,478.3379
0.0103773,478.4266
0.0104637,478.5989
0.0105513,478.7228
0.0106328,478.8149
0.0107158,478.8825
0.0108046,479.0365
0.0108882,479.2694
0.0109754,479.4664
0.0110641,479.5921
0.0111489,479.8041
0.0112319,479.8915
0.0113082,480.223
0.0113907,480.3251
0.011478,480.6106
0.0115585,480.6958
0.0116417,480.9354
0.0117227,481.1479
0.011805,481.411
0.0118894,481.5364
0.0119677,481.7475
0.0120475,481.8685
0.0121268,482.1509
0.0122085,482.2992
0.0122864,482.5353
0.0123665,482.5996
0.0124427,482.8387
0.0125192,483.0458
0.0125945,483.2151
0.0126744,483.4502
0.012749,483.5395
0.0128266,483.8367
0.0129002,483.9479
0.0129775,484.2498
0.0130501,484.2979
0.0131263,484.5634
0.0131993,484.6497
0.0132728,484.927
0.0133474,485.081
0.0134176,485.3322
0.0134912,485.3974
0.0135628,485.6996
0.0136348,485.8015
0.0137038,485.9939
0.0137731,486.0948
0.0138439,486.3673
0.0139161,486.4987
0.0139856,486.6854
0.0140549,486.8259
0.0141216,486.9539
0.0141904,487.195
0.0142571,487.336
0.0143275,487.518
0.0143937,487.6633
0.01446,487.8359
0.0145269,488.0342
0.014595,488.2496
0.0146599,488.3558
0.0147286,488.5671
0.0147928,488.663
0.0148476,488.9951
0.0149118,489.093
0.0149803,489.3383
0.0150408,489.4026
0.0151097,489.6394
0.0151752,489.8169
0.0152406,490.0304
0.0153057,490.159
0.0153649,490.3126
0.0154319,490.4237
0.0154956,490.6747
0.0155618,490.8675
0.0156245,491.0385
0.0156883,491.184
0.0157516,491.3416
0.0158172,491.5922
0.0158789,491.7215
0.0159434,491.9676
0.0160041,492.0176
0.0160684,492.308
0.0161333,492.4194
0.0161956,492.7163
0.0162591,492.7932
0.0163262,493.0522
0.0163858,493.1615
0.0164513,493.4214
0.0165126,493.562
0.0165754,493.7631
0.0166398,493.8767
0.0167041,494.106
0.0167679,494.2384
0.0168274,494.4355
0.0168884,494.5823
0.0169517,494.8094
0.0170169,495.004
0.0170816,495.1362
0.017143,495.3362
0.0172048,495.4372
0.0172688,495.7492
0.0173349,495.8792
0.017396,496.1032
0.0174598,496.2194
0.0175238,496.4718
0.0175849,496.6467
0.0176491,496.8859
0.0177128,496.9608
0.017776,497.2219
0.0178383,497.3205
0.0179005,497.6534
0.0179612,497.7298
0.0180245,497.9606
0.0180873,498.0333
0.0181532,498.2829
0.018215,498.4684
0.0182792,498.6315
0.0183412,498.7911
0.0184048,498.9143
0.0184679,499.1664
0.018531,499.3413
0.0185942,499.5328
0.0186575,499.6742
0.0187246,499.8655
0.0187852,499.9944
0.0188475,500.2885
0.0189092,500.38
0.018973,500.6162
0.019037,500.6793
0.0190966,500.987
0.0191607,501.1115
0.0192273,501.4016
0.0192888,501.4717
0.019351,501.6812
0.0194135,501.813
0.0194763,502.0459
0.0195405,502.1714
0.0196013,502.3644
0.0196647,502.4889
0.0197264,502.7578
0.0197894,502.8777
0.0198518,503.071
0.0199142,503.1838
0.0199757,503.382
0.0200399,503.6137
0.0201063,503.7377
0.0201689,503.9348
0.0202307,503.9825
0.0202828,504.3142
0.0203499,504.4454
0.0204136,504.6835
0.0204751,504.7791
0.0205381,504.983
0.0206019,505.1461
0.0206634,505.4204
0.0207281,505.5296
0.020792,505.7377
0.0208504,505.7754
0.0209121,506.0681
0.0209767,506.162
0.0210408,506.4144
0.0211038,506.4884
0.0211642,506.676
0.0212313,506.9038
0.0212921,507.0496
0.0213563,507.2303
0.0214166,507.3248
0.0214798,507.5628
0.0215456,507.689
0.0216087,507.9087
0.0216689,507.988
0.0217306,508.2233
0.0217933,508.3482
0.0218553,508.6512
0.0219173,508.6942
0.0219816,508.9187
0.0220428,509.0035
0.0221052,509.2865
0.022169,509.3991
0.0222303,509.6254
0.0222935,509.7015
0.0223529,509.8976
0.0224161,510.07
0.0224764,510.2556
0.0225432,510.3795
0.0226017,510.532
0.0226649,510.6808
0.0227283,510.9103
0.0227895,511.0729
0.0228542,511.2428
0.0229143,511.3314
0.0229771,511.4853
0.0230403,511.7414
0.0231004,511.8476
0.0231627,512.1119
0.0232237,512.1118
0.0232774,512.4422
0.0233433,512.5299
0.0234019,512.7328
0.0234646,512.8278
0.0235255,513.0139
0.0235881,513.1724
0.0236531,513.3885
0.0237143,513.4419
0.0237746,513.6092
0.0238342,513.7451
0.0238987,514.006
0.0239646,514.1503
0.0240223,514.2563
0.0240886,514.4075
0.0241472,514.5612
0.0242095,514.7935
0.0242712,514.889
0.0243334,515.0905
0.0243968,515.1083
0.0244557,515.397
0.0245193,515.5261
0.0245818,515.7807
0.0246458,515.8236
0.0247067,516.0341
0.0247675,516.1801
0.0248295,516.4271
0.0248924,516.5336
0.0249584,516.6968
0.0250191,516.7374
0.0250794,516.9924
0.0251418,517.1039
0.0252028,517.2886
0.0252662,517.397
0.0253275,517.5393
0.0253888,517.7481
0.025451,517.8601
0.0255109,518.043
0.0255756,518.1249
0.0256365,518.32
0.0256955,518.4702
0.0257603,518.6381
0.025823,518.7528
0.0258859,518.9075
0.0259477,519.0504
0.02601,519.2987
0.0260717,519.3577
0.0261315,519.5558
0.0261911,519.5945
0.0262486,519.9254
0.0263118,519.9828
0.0263756,520.1754
0.0264349,520.197
0.0264953,520.4055
0.0265563,520.5742
0.0266186,520.7869
0.0266855,520.884
0.0267435,520.9684
0.0268044,521.1248
0.0268665,521.272
0.0269284,521.4496
0.0269865,521.5768
0.0270494,521.6958
0.0271091,521.7802
0.0271702,522.0524
0.0272298,522.1435
0.0272939,522.3859
0.0273542,522.3642
0.0274186,522.6307
0.0274782,522.7028
0.0275389,522.9562
0.0275995,523.0036
0.0276607,523.1721
0.0277237,523.2388
0.0277828,523.4946
0.0278455,523.612
0.0279055,523.7866
0.0279628,523.8433
0.0280267,524.0759
0.0280883,524.1651
0.0281481,524.3801
0.0282145,524.4126
0.0282727,524.555
0.0283337,524.7177
0.0283928,524.8536
0.028455,525.0367
0.0285174,525.0797
0.028579,525.3104
0.0286392,525.4434
0.028703,525.6074
0.0287634,525.6761
0.0288245,525.8395
0.0288885,525.9852
0.0289484,526.2224
0.0290067,526.2465
0.0290702,526.4533
0.0291307,526.491
0.0291914,526.7765
0.0292527,526.8412
0.0293137,527.0366
0.0293757,527.0342
0.029435,527.2531
0.0294967,527.3475
0.029557,527.5554
0.029619,527.6151
0.0296757,527.729
0.0297362,527.8634
0.0298006,528.0324
0.0298609,528.2109
0.0299212,528.2685
0.0299815,528.4106
0.030046,528.5018
0.030104,528.7739
0.0301672,528.8388
0.0302291,529.0245
0.0302888,529.0068
0.0303492,529.2773
0.0304099,529.3394
0.0304709,529.5654
0.0305295,529.5939
0.0305916,529.7941
0.0306537,529.9123
0.0307164,530.0701
0.0307747,530.1813
0.0308389,530.3176
0.030896,530.3667
0.0309597,530.606
0.0310222,530.6743
0.0310806,530.843
0.0311419,530.8834
0.0312021,530.994
0.0312631,531.193
0.0313219,531.2917
0.0313829,531.4696
0.0314441,531.4758
0.0315063,531.7357
0.0315652,531.7764
0.0316252,532.0118
0.0316867,532.0482
0.0317493,532.2336
0.0318078,532.3524
0.0318715,532.5356
0.0319323,532.5804
0.0319941,532.7695
0.0320531,532.7887
0.0321142,533.0628
0.032175,533.1049
0.0322371,533.2481
0.0322992,533.315
0.0323573,533.5014
0.0324168,533.6303
0.0324783,533.7292
0.0325395,533.7773
0.0325975,533.853
0.0326588,534.0979
0.0327198,534.2247
0.0327811,534.3561
0.032843,534.4178
0.0329041,534.5655
0.0329652,534.7068
0.0330276,534.9118
0.0330884,534.9268
0.0331482,535.1312
0.0332071,535.1138
0.0332684,535.4299
0.0333317,535.4749
0.0333916,535.6445
0.0334543,535.6988
0.033512,535.8319
0.033575,535.9885
0.033638,536.1451
0.0336957,536.1871
0.0337556,536.2863
0.0338167,536.3572
0.0338781,536.5634
0.0339407,536.6592
0.0340008,536.8405
0.0340591,536.8355
0.034121,536.9748
0.034181,537.1218
0.0342446,537.219
0.0343052,537.4026
0.0343663,537.4182
0.034429,537.6243
0.0344939,537.6773
0.0345534,537.8668
0.0346104,537.8496
0.0346735,538.0929
0.0347329,538.1638
0.0347931,538.4048
0.0348547,538.3828
0.0349143,538.5717
0.0349741,538.6176
0.0350334,538.8647
0.0350962,538.938
0.0351565,539.0361
0.0352164,539.0666
0.035277,539.2253
0.0353386,539.3549
0.035396,539.4875
0.0354631,539.5642
0.0355222,539.6158
0.0355825,539.7877
0.0356441,539.8963
0.0357058,540.0519
0.0357649,540.1098
0.035825,540.2269
0.0358864,540.3315
0.0359486,540.5239
0.0360068,540.6012
0.0360675,540.7695
0.036131,540.7622
0.036192,541.0283
0.0362546,541.0468
0.0363144,541.284
0.0363761,541.2355
0.0364388,541.436
0.0364997,541.5069
0.0365601,541.6553
0.0366205,541.7052
0.0366795,541.8167
0.0367392,541.9029
0.0367995,542.0585
0.0368616,542.1478
0.0369207,542.2687
0.0369834,542.3311
0.0370404,542.4372
0.0371024,542.5734
0.0371656,542.6621
0.0372247,542.78
0.0372821,542.8089
0.0373438,543.0718
0.0374063,543.0948
0.0374696,543.3074
0.0375278,543.2977
0.037591,543.4844
0.037651,543.5379
0.0377101,543.6937
0.0377737,543.7625
0.0378355,543.8987
0.0378926,543.9384
0.0379565,544.1452
0.0380154,544.194
0.0380758,544.3347
0.0381329,544.3622
0.0381918,544.5649
0.0382554,544.6638
0.0383164,544.7289
0.038378,544.7946
0.0384362,544.8331
0.0385019,545.0671
0.0385603,545.1297
0.0386219,545.2355
0.0386826,545.3243
0.0387426,545.4529
0.0388027,545.5634
0.0388651,545.7182
0.0389231,545.7562
0.0389874,545.8996
0.0390458,545.9072
0.0391101,546.1763
0.0391683,546.1477
0.0392313,546.3549
0.0392909,546.3212
0.0393517,546.5604
0.0394099,546.6188
0.0394722,546.7943
0.0395335,546.8386
0.0395916,546.8879
0.0396569,547.0005
0.0397149,547.1237
0.0397799,547.2014
0.0398381,547.2982
0.0398981,547.3804
0.0399592,547.4959
0.0400194,547.6279
0.040082,547.6962
0.0401414,547.7935
0.0402042,547.8667
0.0402642,548.0715
0.0403269,548.0861
0.0403885,548.2529
0.0404509,548.2309
0.0405103,548.4678
0.040569,548.4852
0.0406306,548.6735
0.0406938,548.6856
0.0407543,548.8156
0.0408173,548.9227
0.0408771,549.1046
0.0409398,549.1039
0.0409989,549.201
0.0410573,549.2213
0.0411148,549.4338
0.0411842,549.5241
0.0412432,549.6033
0.0413042,549.6564
0.0413636,549.7062
0.0414275,549.9413
0.0414851,549.9782
0.0415486,550.1476
0.0416103,550.1541
0.0416717,550.307
0.041733,550.3644
0.0417963,550.5393
0.0418562,550.5715
0.0419194,550.6747
0.0419789,550.6876
0.0420403,550.9384
0.0421018,550.9417
0.0421647,551.1319
0.0422244,551.0938
0.0422845,551.2586
0.0423487,551.3378
0.0424073,551.5103
0.0424699,551.5013
0.0425316,551.6093
0.0425919,551.6462
0.0426546,551.8337
0.0427138,551.9077
0.0427765,551.9891
0.0428384,552.036
0.0428976,552.1312
0.042963,552.2933
0.0430241,552.338
0.0430851,552.4403
0.0431474,552.4576
0.0432066,552.6596
0.0432663,552.6755
0.0433291,552.8056
0.0433915,552.7892
0.0434531,553.048
0.043512,553.0641
0.043575,553.2435
0.0436381,553.2356
0.0436974,553.3603
0.0437558,553.4631
0.0438195,553.6054
0.043881,553.6647
0.043941,553.7467
0.0440019,553.7375
0.0440632,553.9411
0.0441265,554.0118
0.0441868,554.1058
0.0442484,554.0988
0.044308,554.1935
0.044371,554.3771
0.0444301,554.4031
0.0444902,554.5424
0.0445523,554.5048
0.0446107,554.7005
0.0446769,554.7695
0.0447407,554.9393
0.0448029,554.9505
0.0448637,555.0626
0.0449235,555.1314
0.0449841,555.3469
0.0450485,555.3272
0.0451099,555.4703
0.0451681,555.4384
0.0452271,555.6362
0.045291,555.6726
0.0453521,555.8073
0.0454134,555.8037
0.0454754,555.9419
0.0455344,555.9832
0.0455985,556.0862
0.0456607,556.1749
0.0457222,556.2516
0.045786,556.3507
0.0458457,556.4193
0.0459063,556.5294
0.0459682,556.5945
0.0460335,556.6814
0.0460899,556.7121
0.0461527,556.9377
0.046214,556.9036
0.0462764,557.1261
0.0463389,557.0841
0.0463969,557.3073
0.0464602,557.3028
0.0465222,557.4351
0.0465846,557.4475
0.0466457,557.5453
0.0467051,557.6546
0.0467712,557.7808
0.0468296,557.8007
0.0468917,557.9191
0.0469529,557.9619
0.0470151,558.1356
0.0470798,558.1458
0.0471427,558.1971
0.0472022,558.2596
0.0472641,558.3665
0.0473265,558.53
0.0473878,558.527
0.047453,558.6567
0.0475091,558.6298
0.047573,558.8594
0.0476362,558.887
0.0477025,559.0445
0.0477602,558.9898
0.0478209,559.1203
0.0478845,559.1848
0.0479471,559.3794
0.0480089,559.3919
0.0480691,559.5401
0.0481305,559.5113
0.0481916,559.6746
0.0482546,559.7399
0.0483169,559.82
0.0483809,559.8205
0.0484389,559.9038
0.0485031,560.0082
0.0485649,560.1007
0.0486285,560.2054
0.0486868,560.207
0.0487512,560.3133
0.0488116,560.3637
0.0488722,560.5159
0.0489361,560.5697
0.0489977,560.6797
0.049063,560.7042
0.0491259,560.8832
0.0491876,560.8513
0.0492482,561.0485
0.0493086,560.9712
0.0493696,561.2286
0.049434,561.2369
0.0494981,561.3594
0.0495582,561.3519
0.0496218,561.4556
0.0496844,561.5629
0.0497478,561.6976
0.0498115,561.6844
0.0498709,561.7434
0.0499345,561.7873
0.049994,561.9108
0.0500591,562.0006
0.0501222,562.0951
0.0501855,562.0789
0.0502474,562.1702
0.0503084,562.2996
0.0503705,562.3451
0.0504359,562.4678
0.0504967,562.4212
0.0505583,562.5988
0.0506204,562.6324
0.0506828,562.8127
0.0507428,562.7587
0.050806,562.9274
0.0508681,562.9079
0.050933,563.1126
0.0509927,563.066
0.0510558,563.1954
0.051117,563.2322
0.0511799,563.3803
0.0512421,563.4006
0.051304,563.4819
0.0513659,563.4597
0.0514277,563.5632
0.0514898,563.6765
0.0515502,563.7308
0.0516143,563.8486
0.0516757,563.8339
0.0517382,563.9684
0.0518016,564.037
0.0518636,564.1169
0.0519274,564.148
0.0519922,564.2176
0.0520536,564.2961
0.0521183,564.4644
0.0521766,564.4919
0.0522416,564.6178
0.052303,564.5667
0.0523659,564.7935
0.0524282,564.7731
0.0524915,564.9555
0.0525541,564.881
0.0526165,565.0211
0.0526767,565.0828
0.0527409,565.1829
0.0528044,565.2095
0.0528667,565.2791
0.0529276,565.356
0.0529922,565.4586
0.0530563,565.5
0.0531153,565.5015
0.0531784,565.5471
0.0532425,565.66
0.053306,565.7923
0.0533696,565.7577
0.0534302,565.8664
0.053492,565.881
0.0535553,566.1023
0.0536182,566.0894
0.0536844,566.2267
0.0537459,566.1903
0.0538077,566.3341
0.0538687,566.3803
0.0539337,566.504
0.0539958,566.5139
0.0540563,566.587
0.0541188,566.6267
0.0541816,566.7659
0.054244,566.7999
0.0543075,566.9005
0.0543681,566.8814
0.0544289,566.9625
0.0544939,567.0749
0.0545546,567.1072
0.0546214,567.1987
0.0546835,567.1819
0.0547462,567.3665
0.0548084,567.3717
0.0548697,567.4594
0.0549338,567.5032
0.0549991,567.6139
0.055061,567.6674
0.0551246,567.7837
0.0551861,567.7814
0.0552511,567.8945
0.0553118,567.8756
0.055375,568.0676
0.0554395,568.0311
0.0555019,568.1874
0.0555637,568.1088
0.0556266,568.322
0.0556895,568.348
0.0557521,568.4233
0.0558145,568.3746
0.0558776,568.4488
0.0559416,568.5999
0.0560015,568.6681
0.0560673,568.7061
0.056129,568.7072
0.0561918,568.7593
0.0562545,568.8691
0.056318,569.0375
0.0563812,569.0324
0.0564453,569.1113
0.0565078,569.0733
0.0565689,569.2718
0.0566346,569.2943
0.0566974,569.4673
0.056761,569.3602
0.0568241,569.4774
0.0568861,569.5114
0.0569513,569.6549
0.0570141,569.6935
0.0570771,569.7539
0.0571378,569.7585
0.0572018,569.8824
0.0572641,569.9803
0.0573295,570.0498
0.0573938,570.0021
0.0574577,570.1091
0.0575239,570.192
0.0575853,570.2595
0.0576479,570.2892
0.057708,570.2966
0.0577725,570.4496
0.0578373,570.4434
0.0579022,570.5832
0.0579634,570.5604
0.0580284,570.6607
0.05809,570.7104
0.0581551,570.8605
0.0582185,570.8234
0.0582844,570.9137
0.0583454,570.9346
0.0584087,571.1057
0.0584734,571.0913
0.058534,571.1978
0.0585966,571.1645
0.0586613,571.3226
0.0587257,571.3497
0.0587888,571.4243
0.0588524,571.3692
0.0589121,571.4486
0.0589756,571.5013
0.059039,571.6193
0.059104,571.7036
0.0591668,571.6748
0.0592297,571.7438
0.0592959,571.8265
0.0593598,571.9606
0.0594216,571.9429
0.0594839,572.0018
0.0595479,571.9972
0.0596126,572.1813
0.0596742,572.1704
0.0597376,572.3223
0.0598004,572.2407
0.0598629,572.4298
0.0599293,572.4414
0.0599919,572.5582
0.060058,572.542
0.0601219,572.6073
0.0601843,572.658
0.0602475,572.7613
0.0603117,572.7896
0.0603778,572.8661
0.0604398,572.8289
0.0605038,572.988
0.0605661,573.0181
0.0606264,573.0673
0.0606949,573.1271
0.060758,573.1189
0.0608225,573.2651
0.0608859,573.2601
0.0609488,573.3876
0.0610129,573.3143
0.0610779,573.4722
0.0611405,573.4957
0.0612049,573.6191
0.0612687,573.5886
0.0613306,573.7121
0.0613951,573.7596
0.0614612,573.8948
0.0615255,573.8712
0.0615899,573.9603
0.0616531,573.9019
0.0617164,574.0765
0.06178,574.0952
0.0618423,574.1566
0.0619108,574.1621
0.0619736,574.2232
0.062037,574.3188
0.0621002,574.3569
0.0621644,574.3646
0.0622289,574.3615
0.0622919,574.4733
0.0623553,574.5666
0.0624201,574.665
0.0624864,574.6408
0.0625492,574.7587
0.0626106,574.7332
0.0626782,574.9707
0.0627403,574.8895
0.0628069,575.0476
0.0628704,574.941
0.0629331,575.1204
0.0629964,575.1486
0.0630614,575.2393
0.063125,575.2626
0.0631917,575.2808
0.0632537,575.3378
0.0633198,575.4276
0.0633835,575.4467
0.0634469,575.497
0.0635098,575.4701
0.0635748,575.5833
0.0636381,575.6567
0.0637051,575.7152
0.0637713,575.7473
0.0638317,575.738
0.0639009,575.888
0.0639628,575.8868
0.06403,576.0117
0.0640946,575.972
0.0641601,576.1037
0.0642233,576.123
0.0642887,576.3016
0.0643534,576.1995
0.0644205,576.2981
0.0644854,576.2821
0.0645519,576.4573
0.0646156,576.4089
0.0646787,576.488
0.064744,576.4805
0.0648087,576.6319
0.0648759,576.6757
0.0649389,576.7291
0.0650058,576.7117
0.065068,576.7403
0.0651339,576.8427
0.0652003,576.9063
0.0652637,576.9584
0.0653284,576.9308
0.0653929,577.0461
0.0654582,577.0572
0.0655256,577.208
0.0655884,577.1818
0.0656541,577.2362
0.0657172,577.2337
0.0657852,577.4122
0.0658495,577.3813
0.0659156,577.5156
0.0659789,577.4222
0.066045,577.6027
0.0661103,577.5869
0.0661804,577.7433
0.0662446,577.6808
0.0663102,577.7658
0.0663745,577.8007
0.0664384,577.8981
0.0665025,577.8722
0.0665687,577.8801
0.0666309,577.9078
0.0666936,577.9821
0.0667611,578.0694
0.066826,578.1135
0.066893,578.1094
0.0669568,578.1459
0.0670192,578.2593
0.0670877,578.2648
0.0671529,578.3687
0.0672165,578.3141
0.067282,578.4564
0.067347,578.4581
0.0674136,578.6222
0.0674774,578.5765
0.0675436,578.6828
0.0676075,578.6884
0.0676754,578.8078
0.0677426,578.8184
0.0678068,578.8764
0.0678672,578.8459
0.0679318,578.968
0.0679989,578.9703
0.0680619,579.0194
0.0681308,578.9942
0.0681928,579.043
0.0682605,579.2033
0.0683238,579.1606
0.06839,579.2599
0.0684534,579.218
0.0685181,579.3941
0.0685854,579.4109
0.0686516,579.4724
0.0687175,579.4659
0.0687837,579.5389
0.068848,579.5682
0.0689143,579.686
0.0689811,579.6627
0.0690441,579.7504
0.0691074,579.6722
0.0691757,579.8937
0.069244,579.8712
0.0693085,579.9998
0.0693733,579.8814
0.0694391,579.996
0.0695026,580.0551
0.0695707,580.1125
0.0696362,580.1533
0.069705,580.1599
0.0697676,580.17
0.0698351,580.2578
0.0699,580.2933
0.0699644,580.3543
0.0700316,580.3661
0.0700952,580.3853
0.0701612,580.4872
0.0702241,580.4656
0.0702901,580.6014
0.070356,580.5367
0.0704243,580.7476
0.0704895,580.695
0.0705549,580.7905
0.0706227,580.7383
0.070688,580.8642
0.0707545,580.8981
0.0708205,580.996
0.0708857,580.9909
0.0709536,581.0252
0.0710208,581.014
0.0710879,581.1569
0.0711527,581.1649
0.071219,581.1825
0.0712847,581.1735
0.071351,581.2517
0.0714172,581.355
0.0714814,581.3544
0.071551,581.4008
0.0716115,581.3279
0.0716788,581.5002
0.0717469,581.4957
0.0718132,581.6169
0.071877,581.6007
0.0719432,581.6586
0.0720105,581.6992
0.0720784,581.8427
0.0721454,581.8477
0.0722142,581.9282
0.0722791,581.8289
0.0723485,581.9945
0.0724135,581.9903
0.072479,582.0897
0.0725433,581.9971
0.0726111,582.0788
0.0726766,582.0893
0.0727426,582.2114
0.0728112,582.2472
0.0728769,582.2507
0.0729427,582.265
0.0730103,582.3275
0.0730767,582.4028
0.0731432,582.3873
0.0732116,582.4507
0.0732774,582.4396
0.0733452,582.5972
0.0734115,582.5588
0.0734776,582.6603
0.0735443,582.5825
0.0736129,582.7894
0.0736778,582.7434
0.0737475,582.8395
0.0738118,582.7491
0.0738777,582.8813
0.0739435,582.8897
0.0740104,582.9801
0.0740785,582.9984
0.0741462,583.0009
0.0742099,583.0693
0.0742794,583.1503
0.0743455,583.1592
0.0744159,583.2099
0.0744795,583.1468
0.0745421,583.2482
0.0746131,583.3304
0.074682,583.3466
0.074748,583.3546
0.0748145,583.3215
0.0748819,583.481
0.0749484,583.4885
0.0750145,583.5806
0.0750792,583.4975
0.0751473,583.6256
0.0752111,583.6203
0.0752829,583.7749
0.0753466,583.7257
0.0754152,583.7904
0.075483,583.7696
0.0755515,583.9349
0.0756173,583.932
0.0756864,584.0099
0.0757556,583.932
0.0758224,584.0109
0.0758912,584.0474
0.0759581,584.1122
0.0760254,584.088
0.0760908,584.0847
0.076159,584.1531
0.0762286,584.1755
0.0762988,584.2732
0.0763672,584.2449
0.0764329,584.2861
0.0764987,584.3103
0.0765698,584.4219
0.0766344,584.4065
0.0767026,584.4985
0.0767673,584.4392
0.0768353,584.6397
0.0769034,584.584
0.0769697,584.717
0.0770395,584.6487
0.077104,584.7667
0.0771732,584.79
0.0772394,584.8278
0.0773087,584.8404
0.077375,584.8359
0.0774404,584.8882
0.0775104,584.9509
0.0775803,584.9373
0.077646,584.9949
0.0777139,584.9896
0.0777803,585.1044
0.0778487,585.1297
0.0779171,585.1132
0.0779821,585.1568
0.0780488,585.1478
0.0781164,585.3687
0.0781854,585.2717
0.0782533,585.3798
0.0783209,585.2974
0.078389,585.4607
0.0784573,585.4469
0.0785259,585.5767
0.0785945,585.4936
0.0786637,585.5548
0.0787287,585.556
0.0787966,585.7011
0.0788663,585.6945
0.0789359,585.7496
0.0790012,585.6749
0.0790698,585.7519
0.0791375,585.8276
0.0792065,585.8515
0.0792783,585.8588
0.0793444,585.8387
0.0794155,585.9589
0.0794813,585.9794
0.0795498,586.0427
0.0796168,586.0139
0.0796879,586.0494
0.0797552,586.0628
0.0798229,586.1523
0.0798906,586.1683
0.0799613,586.2343
0.0800278,586.1829
0.0800983,586.3748
0.0801668,586.2808
0.0802336,586.428
0.0803002,586.3369
0.080371,586.4837
0.0804419,586.4885
0.0805091,586.5329
0.0805779,586.5042
0.0806438,586.5294
0.0807128,586.5859
0.0807842,586.6759
0.0808529,586.6568
0.0809217,586.6594
0.0809908,586.6549
0.081056,586.7257
0.0811262,586.8027
0.0811938,586.8055
0.081263,586.7822
0.0813307,586.7658
0.0814018,586.9072
0.0814701,586.9009
0.081539,587.0166
0.0816071,586.9492
0.0816774,587.0585
0.0817436,587.0562
0.0818135,587.2089
0.0818833,587.1136
0.0819516,587.1834
0.0820211,587.1528
0.0820884,587.259
0.0821578,587.2492
0.0822239,587.3366
0.0822947,587.2593
0.0823644,587.3768
0.0824324,587.3559
0.0825,587.398
0.0825683,587.3745
0.0826354,587.3981
0.0827054,587.5137
0.0827738,587.4977
0.0828455,587.5692
0.0829088,587.4935
0.0829795,587.6007
0.0830462,587.6458
0.0831175,587.7416
0.0831864,587.7
0.0832558,587.7435
0.0833247,587.7191
0.0833933,587.8605
0.0834586,587.8124
0.0835326,587.9294
0.0835983,587.819
0.0836676,587.9887
0.0837386,587.9537
0.0838062,588.0422
0.0838746,587.9699
0.0839439,588.0399
0.0840126,588.0992
0.0840833,588.1514
0.0841551,588.1436
0.0842216,588.1476
0.0842898,588.1715
0.0843614,588.231
0.0844314,588.2795
0.0844965,588.2228
0.0845665,588.2554
0.0846347,588.2955
0.0847037,588.4464
0.0847731,588.3719
0.0848428,588.4464
0.0849112,588.3506
0.084981,588.548
0.0850515,588.5276
0.085122,588.6066
0.0851913,588.5436
0.0852604,588.632
0.0853302,588.6536
0.0854014,588.7736
0.0854687,588.6935
0.0855374,588.7608
0.0856077,588.715
0.0856747,588.8355
0.0857486,588.8303
0.0858162,588.8545
0.0858853,588.8352
0.0859555,588.8284
0.0860298,588.9586
0.0860949,588.9114
0.0861668,589.0148
0.0862364,588.9385
0.086305,589.0533
0.0863741,589.0749
0.0864435,589.1257
0.0865154,589.0934
0.0865836,589.1777
0.0866528,589.1825
0.0867251,589.3002
0.0867963,589.2618
0.0868684,589.3145
0.0869362,589.2368
0.087007,589.4056
0.0870742,589.3757
0.0871466,589.4753
0.0872172,589.359
0.087288,589.4229
0.0873592,589.4767
0.0874293,589.5107
0.0874986,589.4669
0.0875687,589.4595
0.0876378,589.5709
0.0877101,589.632
0.087779,589.6804
0.0878487,589.6431
0.0879195,589.6966
0.0879887,589.6764
0.0880594,589.8176
0.088129,589.7709
0.0882008,589.881
0.0882717,589.7572
0.0883439,589.9424
0.0884158,589.9111
0.0884858,590.0164
0.088557,589.9428
0.0886268,589.9735
0.0886964,589.9821
0.0887674,590.0722
0.0888367,590.0492
0.0889082,590.1065
0.0889783,590.0488
0.089049,590.1251
0.0891206,590.1841
0.0891948,590.2118
0.0892644,590.1882
0.0893328,590.1921
0.0894054,590.2905
0.0894776,590.2933
0.0895475,590.3545
0.0896166,590.2617
0.0896909,590.3865
0.0897619,590.3461
0.0898297,590.4532
0.089902,590.4351
0.0899732,590.4896
0.0900451,590.4811
0.0901215,590.6125
0.0901896,590.5095
0.0902604,590.6082
0.0903287,590.5416
0.0904017,590.6849
0.0904731,590.6601
0.0905439,590.7084
0.0906178,590.6532
0.0906866,590.7313
0.0907569,590.7509
0.0908268,590.817
0.0908979,590.7584
0.0909709,590.7469
0.0910406,590.8102
0.0911096,590.8118
0.091184,590.8857
0.0912517,590.8441
0.0913218,590.8792
0.0913932,590.8997
0.0914647,591.0722
0.091533,591.0047
0.0916046,591.0787
0.0916739,590.9745
0.0917476,591.1656
0.0918186,591.0994
0.0918915,591.2312
0.0919603,591.1389
0.0920325,591.2001
0.0921024,591.2152
0.0921738,591.2803
0.0922524,591.2731
0.0923221,591.2791
0.0923955,591.2947
0.0924622,591.3401
0.0925358,591.3502
0.0926069,591.4041
0.0926784,591.3566
0.0927497,591.3843
0.0928226,591.4528
0.0928911,591.4431
0.0929645,591.5181
0.0930355,591.45
0.0931082,591.5784
0.0931819,591.5206
0.0932556,591.6574
0.0933279,591.5834
0.0933971,591.6495
0.0934669,591.6223
0.0935416,591.7268
0.0936096,591.6723
0.0936807,591.747
0.0937486,591.7217
0.0938206,591.8215
0.0938906,591.7725
0.0939625,591.8279
0.0940335,591.7705
0.0941035,591.8505
0.0941748,591.9134
0.094248,591.8816
0.0943204,591.9122
0.0943876,591.8783
0.0944625,592.01
0.0945355,592.0141
0.0946078,592.0508
0.0946795,592.0093
0.0947499,592.061
0.0948231,592.096
0.0948935,592.2165
0.0949665,592.1191
0.0950398,592.2047
0.0951092,592.1002
0.0951846,592.3026
0.0952536,592.253
0.0953239,592.3467
0.0953971,592.2535
0.0954718,592.3285
0.0955435,592.4049
0.0956159,592.4119
0.0956882,592.4162
0.0957608,592.3707
0.0958325,592.3912
0.0959041,592.4458
0.0959739,592.471
0.0960501,592.4573
0.096121,592.427
0.0961911,592.4711
0.0962648,592.5596
0.0963379,592.5481
0.0964129,592.6271
0.0964826,592.5439
0.0965548,592.6413
0.0966249,592.6329
0.0966988,592.7181
0.0967683,592.6572
0.0968418,592.7805
0.0969164,592.7191
0.0969901,592.8626
0.0970626,592.7867
0.0971349,592.8377
0.09721,592.8025
0.0972801,592.9091
0.0973544,592.8746
0.0974251,592.9056
0.0974967,592.815
0.0975685,592.9021
0.0976452,592.9603
0.0977153,592.9572
0.0977865,592.9847
0.097861,592.9113
0.0979326,593.0261
0.0980048,593.0305
0.0980788,593.1213
0.0981522,593.0342
0.0982246,593.0837
0.0982965,593.0955
0.0983747,593.2029
0.0984478,593.1583
0.09852,593.2265
0.098593,593.1248
0.0986655,593.2829
0.0987369,593.2224
0.0988126,593.3503
0.0988871,593.2463
0.0989604,593.3236
0.099032,593.3131
0.0991039,593.3718
0.0991795,593.3347
0.0992508,593.3651
0.0993256,593.3898
0.0993973,593.462
0.0994721,593.4471
0.0995468,593.4058
0.0996182,593.4091
0.0996911,593.4633
0.0997648,593.5371
0.0998376,593.5131
0.0999123,593.5504
0.0999828,593.4996
0.1000568,593.6032
0.1001307,593.5614
0.1002042,593.639
0.100278,593.547
0.1003502,593.6794
0.1004247,593.6248
0.1004964,593.7808
0.1005712,593.7214
0.1006416,593.7551
0.1007154,593.7261
0.1007879,593.8164
0.1008605,593.7886
0.1009364,593.8518
0.1010088,593.7714
0.1010833,593.8643
0.1011595,593.8898
0.1012289,593.8612
0.1013058,593.8718
0.1013773,593.8021
0.1014502,593.9566
0.101525,593.9031
0.1015986,593.9614
0.1016708,593.8623
0.1017424,593.9658
0.10182,594.009
0.1018964,594.0885
0.1019707,594.0236
0.1020413,594.0734
0.1021169,594.0468
0.1021907,594.1732
0.1022663,594.1072
0.1023411,594.2022
0.102412,594.0651
0.1024841,594.1722
0.1025608,594.1694
0.1026304,594.2073
0.1027046,594.1575
0.1027758,594.1415
0.1028502,594.2302
0.1029246,594.2381
0.1030014,594.2683
0.1030738,594.2142
0.1031459,594.22
0.1032174,594.2645
0.1032927,594.3582
0.103368,594.3471
0.1034425,594.3599
0.1035175,594.3325
0.1035922,594.4667
0.1036672,594.3919
0.1037438,594.5214
0.1038168,594.3829
0.103888,594.5343
0.1039643,594.4887
0.1040415,594.5399
0.1041142,594.4943
0.1041891,594.5472
0.1042624,594.5461
0.1043402,594.6346
0.1044142,594.5704
0.1044864,594.5885
0.1045599,594.5722
0.104633,594.6708
0.1047084,594.6901
0.1047854,594.6838
0.1048599,594.6323
0.1049357,594.6334
0.1050099,594.78
0.1050872,594.7146
0.1051623,594.7864
0.1052364,594.639
0.1053106,594.7891
0.1053857,594.7659
0.1054629,594.8656
0.1055349,594.7885
0.1056097,594.8057
0.105686,594.824
0.105761,594.9512
0.1058368,594.915
0.1059127,594.9628
0.1059877,594.8487
0.1060612,594.9469
0.1061358,594.9647
0.1062119,595.029
0.1062866,594.9527
0.1063625,594.9478
0.1064359,594.9387
0.1065121,595.0181
0.106587,595.0472
0.1066611,594.9959
0.1067379,594.9783
0.1068106,594.9951
0.1068884,595.0944
0.1069644,595.0465
0.1070361,595.1108
0.107113,595.0507
0.107188,595.1736
0.107262,595.1023
0.1073388,595.21
0.1074125,595.0989
0.1074881,595.2938
0.1075623,595.2183
0.1076418,595.298
0.1077165,595.2109
0.1077909,595.228
0.107866,595.2971
0.1079421,595.3259
0.1080202,595.3132
0.1080912,595.2839
0.1081695,595.2697
0.1082448,595.3475
0.1083202,595.3462
0.1083967,595.3533
0.1084735,595.3182
0.1085478,595.3294
0.1086234,595.4283
0.1087002,595.4136
0.1087801,595.4295
0.1088491,595.3244
0.1089286,595.4624
0.1090001,595.4377
0.1090759,595.5291
0.1091527,595.4403
0.1092283,595.4914
0.1093038,595.4492
0.1093767,595.5895
0.109455,595.5205
0.1095291,595.5724
0.1096064,595.4904
0.1096804,595.5778
0.1097565,595.5883
0.1098334,595.634
0.1099067,595.547
0.1099812,595.603
0.1100585,595.6277
0.1101339,595.6556
0.1102116,595.6628
0.1102864,595.5908
0.1103629,595.67
0.110438,595.6289
0.1105138,595.7141
0.1105888,595.682
0.1106654,595.7192
0.1107436,595.6652
0.1108186,595.817
0.1108954,595.7315
0.1109729,595.8318
0.1110477,595.6954
0.1111229,595.8514
0.1111977,595.8108
0.1112752,595.9042
0.1113508,595.8309
0.1114262,595.8444
0.1115035,595.8908
0.111579,595.8894
0.111653,595.8834
0.1117273,595.868
0.1118054,595.8856
0.1118817,595.9133
0.1119607,595.8971
0.112039,595.9081
0.1121143,595.8978
0.112188,595.9235
0.1122653,596.0246
0.1123426,595.9343
0.1124192,595.9574
0.1124921,595.8832
0.1125717,596.0966
0.1126497,596.0292
0.1127251,596.1179
0.1128012,596.0157
0.112879,596.1134
0.1129549,596.1069
0.1130313,596.1928
0.1131095,596.1091
0.1131852,596.1296
0.1132617,596.0838
0.1133366,596.202
0.1134171,596.191
0.1134925,596.2026
0.1135688,596.1214
0.1136456,596.1205
0.1137259,596.2153
0.1138012,596.1913
0.1138795,596.2318
0.113954,596.139
0.1140321,596.23
0.1141079,596.2153
0.1141868,596.3402
0.1142652,596.3004
0.1143455,596.304
0.1144207,596.2941
0.1145004,596.3796
0.1145751,596.3222
0.1146543,596.417
0.1147321,596.2543
0.1148076,596.4188
0.1148887,596.3607
0.1149637,596.4264
0.1150431,596.3646
0.1151169,596.3953
0.1151965,596.4272
0.1152736,596.4332
0.115353,596.4106
0.1154294,596.3776
0.1155072,596.3949
0.1155821,596.4621
0.1156627,596.4847
0.1157415,596.4158
0.1158152,596.4285
0.1158932,596.4222
0.1159766,596.5362
0.1160526,596.5046
0.116132,596.5316
0.1162084,596.4584
0.1162859,596.5679
0.1163616,596.5128
0.1164386,596.5804
0.1165156,596.4959
0.1165935,596.5899
0.1166727,596.5527
0.11675,596.6658
0.1168284,596.6019
0.1169074,596.6221
0.1169823,596.577
0.117062,596.6488
0.1171399,596.6582
0.1172174,596.6982
0.1172948,596.5747
0.1173714,596.6152
0.1174519,596.6577
0.117529,596.6271
0.1176089,596.6591
0.1176852,596.5551
0.117763,596.6729
0.1178416,596.6542
0.1179201,596.7642
0.1179979,596.6952
0.1180757,596.7229
0.118154,596.7262
0.1182333,596.8006
0.1183092,596.7354
0.118389,596.7972
0.1184653,596.71
0.1185447,596.834
0.1186243,596.8073
0.1187002,596.8762
0.1187791,596.7585
0.1188577,596.8226
0.1189345,596.7983
0.119015,596.8284
0.119096,596.8286
0.1191706,596.7929
0.1192501,596.8411
0.1193321,596.872
0.1194088,596.8573
0.1194867,596.8166
0.1195644,596.833
0.1196397,596.8513
0.1197207,596.9291
0.1197992,596.8566
0.1198771,596.8806
0.1199539,596.8376
0.1200345,597.0194
0.1201151,596.9353
0.120192,596.9888
0.1202697,596.8887
0.1203483,596.984
0.1204245,596.9739
0.1205014,597.0054
0.1205828,596.9589
0.1206618,596.9601
0.1207395,596.9324
0.1208174,597.0725
0.1208977,597.0134
0.1209746,597.059
0.1210545,596.9836
0.1211322,597.0489
0.121213,597.079
0.1212905,597.0421
0.1213701,597.0955
0.1214487,596.9743
0.1215264,597.1152
0.1216088,597.0383
0.1216894,597.1176
0.1217663,597.0314
0.1218443,597.1017
0.1219244,597.0786
0.1220028,597.153
0.1220829,597.1202
0.1221663,597.1555
0.1222427,597.1376
0.1223204,597.2142
0.1224026,597.1293
0.1224804,597.1966
0.1225597,597.1104
0.1226367,597.208
0.1227162,597.1768
0.1227972,597.181
0.1228761,597.1415
0.1229542,597.1302
0.1230346,597.2329
0.1231138,597.2157
0.123195,597.1808
0.1232729,597.1027
0.1233521,597.1633
0.1234301,597.2045
0.1235117,597.2952
0.1235924,597.2127
0.1236714,597.2652
0.123751,597.1973
0.1238331,597.3378
0.1239127,597.2778
0.1239922,597.3843
0.1240744,597.2355
0.124152,597.2974
0.1242321,597.2965
0.124314,597.3951
0.124393,597.3402
0.1244724,597.3259
0.1245533,597.285
0.1246326,597.3601
0.1247121,597.3201
0.1247928,597.3508
0.1248715,597.2849
0.1249513,597.3028
0.1250325,597.3101
0.1251101,597.3343
0.125192,597.3257
0.1252721,597.2578
0.1253545,597.3882
0.1254348,597.3386
0.1255151,597.4493
0.1255952,597.3171
0.125678,597.4136
0.1257574,597.3562
0.1258359,597.4465
0.1259172,597.369
0.1259962,597.4439
0.1260774,597.403
0.1261585,597.4891
0.1262385,597.4296
0.1263183,597.4493
0.1263991,597.3956
0.126479,597.4344
0.1265596,597.4493
0.1266412,597.5053
0.1267228,597.4022
0.1267988,597.4169
0.1268815,597.4575
0.126964,597.4641
0.1270438,597.4664
0.1271235,597.3872
0.1272014,597.4341
0.1272815,597.4431
0.1273661,597.5137
0.1274415,597.4434
0.1275255,597.4833
0.1276051,597.417
0.1276853,597.5604
0.1277672,597.4722
0.1278479,597.5596
0.1279261,597.4251
0.1280092,597.5658
0.1280901,597.5209
0.1281717,597.6285
0.1282502,597.5609
0.1283306,597.5477
0.128414,597.5578
0.1284966,597.5827
0.1285768,597.5668
0.128657,597.5629
0.1287376,597.5079
0.1288189,597.5427
0.1288993,597.5706
0.1289804,597.5477
0.1290649,597.5323
0.1291423,597.4876
0.1292258,597.5795
0.1293069,597.5039
0.1293858,597.5925
0.129468,597.481
0.1295493,597.5895
0.129631,597.5317
0.1297097,597.6268
0.1297922,597.5875
0.1298712,597.6041
0.1299527,597.5602
0.1300339,597.6507
0.1301142,597.5897
0.1301961,597.6332
0.130277,597.5449
0.1303601,597.6451
0.1304413,597.6075
0.1305216,597.5816
0.1306025,597.5499
0.1306836,597.5444
0.130764,597.6133
0.130845,597.5617
0.1309298,597.626
0.1310069,597.5635
0.1310936,597.6757
0.131173,597.6601
0.1312567,597.6834
0.1313362,597.5976
0.1314196,597.6395
0.1315002,597.6334
0.1315807,597.7853
0.1316669,597.6597
0.1317473,597.7635
0.1318269,597.6176
0.1319097,597.7404
0.1319899,597.6969
0.1320743,597.7126
0.1321556,597.66
0.1322398,597.6299
0.1323209,597.6827
0.1324023,597.6798
0.1324864,597.6999
0.1325689,597.6559
0.1326521,597.6629
0.1327354,597.689
0.1328143,597.7091
0.1328992,597.6619
0.1329843,597.6297
0.1330607,597.5723
0.1331426,597.7102
0.1332269,597.6708
0.1333114,597.7441
0.1333933,597.6536
0.1334761,597.6928
0.1335584,597.6735
0.1336412,597.7548
0.1337231,597.6757
0.1338044,597.7526
0.1338891,597.6758
0.1339725,597.7768
0.134057,597.7071
0.1341351,597.7114
0.1342202,597.6619
0.1342997,597.7672
0.1343829,597.739
0.1344664,597.7436
0.1345485,597.6602
0.1346318,597.6405
0.1347172,597.7743
0.1347998,597.7062
0.134883,597.7333
0.1349624,597.5898
0.1350445,597.7023
0.1351295,597.7101
0.1352157,597.8065
0.1352976,597.7098
0.1353813,597.7195
0.1354625,597.701
0.1355462,597.8167
0.1356325,597.7861
0.1357162,597.8121
0.1358011,597.68
0.1358824,597.8032
0.1359666,597.7466
0.1360455,597.798
0.1361307,597.7194
0.1362153,597.7097
0.1362965,597.7296
0.1363805,597.76
0.1364635,597.7265
0.1365474,597.6525
0.1366343,597.6754
0.1367128,597.6698
0.1368001,597.7193
0.1368841,597.6193
0.1369643,597.6627
0.137047,597.6549
0.1371312,597.7522
0.1372137,597.6984
0.1372982,597.7502
0.13738,597.6647
0.1374663,597.7874
0.1375464,597.6892
0.1376326,597.7612
0.1377147,597.6528
0.1377971,597.6963
0.1378808,597.6748
0.1379641,597.7821
0.1380479,597.7331
0.1381322,597.7228
0.1382138,597.6415
0.1382983,597.7297
0.1383828,597.7053
0.1384664,597.7482
0.1385489,597.6466
0.1386343,597.658
0.1387194,597.7691
0.1388045,597.6884
0.1388881,597.7664
0.1389714,597.6129
0.1390577,597.7565
0.1391408,597.6937
0.1392274,597.7398
0.1393119,597.6323
0.1393947,597.6928
0.1394745,597.7064
0.1395605,597.7593
0.1396459,597.6422
0.1397253,597.696
0.1398097,597.6506
0.1398975,597.761
0.1399798,597.7126
0.1400626,597.7324
0.1401469,597.6497
0.1402288,597.6571
0.140316,597.7115
0.1403986,597.7057
0.1404874,597.6733
0.140567,597.5991
0.1406543,597.652
0.1407364,597.6406
0.1408232,597.7172
0.1409102,597.65
0.1409947,597.6316
0.1410755,597.6179
0.1411618,597.6964
0.141251,597.6445
0.1413368,597.7194
0.1414187,597.6075
0.1415041,597.7416
0.141588,597.6762
0.1416714,597.766
0.1417545,597.6558
0.1418409,597.7121
0.1419275,597.7023
0.1420085,597.7444
0.1420939,597.6711
0.1421807,597.6592
0.1422654,597.6406
0.1423496,597.7083
0.1424339,597.6381
0.142521,597.6628
0.142604,597.5826
0.14269,597.6212
0.1427775,597.6858
0.1428638,597.6372
0.142948,597.6428
0.1430326,597.541
0.1431174,597.7033
0.1432032,597.6328
0.1432917,597.7121
0.1433753,597.5638
0.1434597,597.6361
0.1435458,597.6152
0.1436332,597.7315
0.143721,597.6366
0.1438061,597.6306
0.1438894,597.5532
0.1439769,597.6526
0.1440639,597.6188
0.1441495,597.6836
0.1442343,597.5392
0.1443178,597.5533
0.1444039,597.5492
0.1444899,597.6141
0.1445772,597.5815
0.1446626,597.5436
0.1447482,597.506
0.1448298,597.5394
0.144916,597.6104
0.1450034,597.5286
0.1450815,597.516
0.1451673,597.473
0.145255,597.5927
0.1453413,597.5158
0.1454316,597.5448
0.1455155,597.4492
0.1456051,597.5637
0.1456907,597.4891
0.1457749,597.608
0.1458619,597.4784
0.1459474,597.5627
0.1460365,597.5374
0.1461234,597.5649
0.1462107,597.4944
0.1462952,597.4749
0.1463829,597.5084
0.1464714,597.5185
0.1465569,597.4808
0.1466434,597.474
0.1467293,597.4103
0.1468169,597.4414
0.1469055,597.4742
0.1469907,597.4464
0.147079,597.3889
0.1471651,597.3287
0.1472513,597.4724
0.1473341,597.403
0.1474217,597.4752
0.1475058,597.3125
0.1475932,597.4089
0.1476792,597.4168
0.1477665,597.5197
0.1478539,597.3791
0.147942,597.3932
0.1480262,597.3379
0.148112,597.4294
0.1481987,597.4105
0.1482852,597.4146
0.1483716,597.314
0.1484547,597.338
0.1485437,597.3453
0.1486293,597.3712
0.1487182,597.3005
0.1488017,597.2304
0.1488876,597.3104
0.148976,597.2684
0.149063,597.3357
0.1491471,597.2452
0.1492364,597.2723
0.1493217,597.2876
0.14941,597.3222
0.1494963,597.262
0.1495844,597.3322
0.1496675,597.2078
0.1497586,597.3357
0.1498436,597.2441
0.1499325,597.3181
0.1500192,597.1671
0.1501022,597.2709
0.1501929,597.2114
0.1502788,597.2476
0.1503653,597.2157
0.1504515,597.1568
0.1505413,597.239
0.1506296,597.2103
0.1507143,597.1826
0.1508026,597.1488
0.1508887,597.1257
0.1509796,597.1657
0.1510676,597.1733
0.1511536,597.085
0.1512396,597.1309
0.1513271,597.0895
0.1514145,597.205
0.1515038,597.1032
0.1515884,597.1082
0.151676,596.9909
0.1517646,597.1284
0.1518531,597.1048
0.15194,597.1342
0.1520273,597.061
0.1521126,597.0728
0.1522008,597.0466
0.1522906,597.1186
0.1523801,597.0582
0.1524678,597.0736
0.1525549,596.9601
0.1526421,597.0209
0.1527336,597.0457
0.1528185,596.9841
0.1529101,596.993
0.1529953,596.9105
0.1530826,597.0006
0.1531743,596.9417
0.1532615,596.9854
0.1533496,596.889
0.1534394,596.9471
0.1535247,596.9319
0.1536168,596.9754
0.1537049,596.9359
0.1537941,596.9492
0.1538818,596.8541
0.1539717,596.9966
0.1540607,596.8712
0.1541502,596.9762
0.1542392,596.8211
0.1543271,596.9067
0.1544156,596.8811
0.1545077,596.8747
0.1545945,596.8003
0.1546815,596.7618
0.1547712,596.8044
0.1548593,596.7994
0.1549486,596.7662
0.1550366,596.6763
0.1551241,596.7142
0.1552135,596.7208
0.1553044,596.7939
0.1553938,596.6732
0.1554801,596.6857
0.1555695,596.6325
0.155661,596.7669
0.1557501,596.7082
0.1558396,596.7335
0.1559282,596.6292
0.1560155,596.6995
0.1561036,596.6318
0.1561944,596.7189
0.1562839,596.6171
0.1563718,596.6399
0.1564616,596.571
0.1565488,596.6492
0.1566392,596.5967
0.1567292,596.5967
0.1568167,596.5221
0.1569047,596.5768
0.1569939,596.5751
0.1570868,596.5771
0.1571748,596.506
0.157264,596.4714
0.1573575,596.5679
0.1574484,596.4989
0.1575391,596.54
0.1576247,596.3754
0.157715,596.4804
0.1578042,596.4222
0.1578961,596.5039
0.1579881,596.418
0.1580794,596.4353
0.1581651,596.3809
0.1582561,596.4691
0.1583462,596.3688
0.1584341,596.4105
0.1585253,596.2838
0.1586153,596.3705
0.1587037,596.3259
0.1587945,596.3828
0.1588848,596.3231
0.1589773,596.2693
0.1590662,596.3079
0.1591571,596.2603
0.1592462,596.2582
0.159336,596.1697
0.1594257,596.2081
0.1595188,596.1752
0.1596085,596.2052
0.1596965,596.1116
0.1597881,596.128
0.159877,596.1251
0.1599672,596.2163
0.1600578,596.1301
0.1601471,596.1232
0.1602354,596.0263
0.1603293,596.1857
0.1604186,596.1148
0.1605074,596.1129
0.1605984,596.0632
0.160687,596.0697
0.1607781,596.0704
0.1608717,596.0876
0.1609599,596.0063
0.161053,596.0051
0.161142,595.8975
0.161234,595.9794
0.1613255,595.95
0.1614159,595.922
0.1615061,595.8467
0.1615954,595.8301
0.1616883,595.9407
0.1617773,595.8441
0.161871,595.931
0.1619629,595.7568
0.1620519,595.892
0.1621425,595.811
0.1622356,595.8933
0.1623257,595.7958
0.1624168,595.8013
0.1625094,595.7832
0.1625995,595.8264
0.1626889,595.7471
0.1627822,595.7588
0.1628741,595.6727
0.1629652,595.7324
0.163058,595.681
0.1631501,595.693
0.1632436,595.6212
0.1633334,595.6126
0.1634258,595.6182
0.163515,595.573
0.1636078,595.5687
0.1636966,595.4846
0.163791,595.5568
0.1638823,595.5444
0.1639737,595.5744
0.1640684,595.4326
0.1641596,595.4522
0.1642514,595.4665
0.1643436,595.5378
0.1644371,595.3931
0.1645283,595.4383
0.1646186,595.3182
0.1647105,595.4294
0.1648043,595.3717
0.1648969,595.4392
0.1649881,595.3164
0.1650799,595.3144
0.1651707,595.3539
0.1652636,595.3697
0.165356,595.3309
0.1654482,595.285
0.1655442,595.1829
0.1656374,595.2276
0.165731,595.2267
0.1658222,595.2101
0.1659184,595.1429
0.1660087,595.0809
0.1661052,595.1318
0.1661953,595.0839
0.1662909,595.1268
0.1663827,594.9895
0.1664736,595.074
0.1665676,595.0101
0.1666628,595.0692
0.1667525,594.9547
0.166847,594.9992
0.1669386,594.9171
0.1670344,595.021
0.1671282,594.9241
0.1672231,594.9517
0.1673142,594.8596
0.167406,594.8978
0.1675015,594.8669
0.1675929,594.802
0.1676846,594.7324
0.1677758,594.7448
0.1678724,594.7451
0.1679642,594.7311
0.1680574,594.6714
0.168151,594.5959
0.1682442,594.6617
0.1683393,594.6382
0.1684325,594.6597
0.1685278,594.5347
0.1686189,594.5524
0.1687123,594.5443
0.1688039,594.6172
0.1688974,594.5376
0.1689938,594.5295
0.1690823,594.4052
0.1691816,594.5605
0.1692737,594.473
0.1693672,594.5148
0.1694592,594.3612
0.1695506,594.3923
0.1696426,594.3593
0.1697369,594.3747
0.1698329,594.3426
0.169927,594.2805
0.1700204,594.2521
0.1701128,594.2722
0.170211,594.2474
0.1703038,594.2203
0.1703962,594.1544
0.1704913,594.1308
0.1705842,594.1533
0.1706776,594.092
0.1707721,594.0934
0.1708644,593.9724
0.1709604,594.0672
0.1710551,593.9829
0.1711476,594.0342
0.1712422,593.9296
0.1713351,593.9728
0.1714275,593.8966
0.1715198,593.9445
0.1716145,593.8666
0.1717079,593.8472
0.1718022,593.7869
0.1718956,593.8169
0.1719917,593.7641
0.1720845,593.7645
0.1721788,593.7124
0.1722721,593.7195
0.1723707,593.7309
0.1724641,593.6552
0.1725606,593.6392
0.1726603,593.509
0.1727552,593.5824
0.1728515,593.5151
0.1729493,593.5353
0.1730437,593.4619
0.173138,593.4884
0.1732339,593.4703
0.1733267,593.5043
0.1734223,593.3764
0.1735186,593.4245
0.1736127,593.3221
0.1737081,593.4598
0.173806,593.3124
0.1739037,593.3398
0.1739979,593.2015
0.1740949,593.2836
0.1741897,593.2599
0.1742853,593.2424
0.1743837,593.1505
0.174474,593.0458
0.1745729,593.0941
0.1746674,593.0568
0.1747627,593.0367
0.1748599,592.9479
0.1749552,592.9101
0.1750509,592.8686
0.1751499,592.9739
0.1752466,592.8698
0.175341,592.8707
0.1754372,592.7293
0.1755317,592.8254
0.1756276,592.7637
0.1757258,592.8364
0.17582,592.6887
0.1759183,592.6986
0.1760123,592.6074
0.1761105,592.6694
0.176206,592.6017
0.176303,592.5723
0.1763962,592.4887
0.1764943,592.5287
0.1765903,592.4649
0.1766881,592.4668
0.1767856,592.3457
0.1768812,592.3327
0.1769789,592.3541
0.177072,592.2749
0.1771734,592.2676
0.1772658,592.1385
0.1773602,592.2449
0.1774591,592.1581
0.1775578,592.1773
0.1776522,592.0497
0.1777501,592.0779
0.1778454,592.0285
0.177945,592.0831
0.1780364,591.978
0.1781368,591.9578
0.1782336,591.8445
0.178331,591.9528
0.1784256,591.8604
0.1785261,591.9043
0.1786231,591.7305
0.1787208,591.7462
0.1788163,591.7253
0.1789157,591.7207
0.1790131,591.5988
0.179109,591.5362
0.1792068,591.5178
0.1793028,591.4949
0.1794024,591.4856
0.1794997,591.3742
0.1795966,591.3976
0.1796924,591.305
0.1797912,591.3389
0.1798876,591.1899
0.1799819,591.2039
0.1800785,591.1117
0.1801778,591.21
0.1802708,591.1104
0.1803733,591.1636
0.1804668,591.0316
0.1805626,591.0918
0.1806608,591.0024
0.18076,590.9906
0.1808582,590.8799
0.1809534,590.8656
0.1810503,590.8073
0.1811455,590.8261
0.1812439,590.7692
0.1813416,590.7163
0.181438,590.5998
0.1815354,590.6057
0.1816341,590.5923
0.1817283,590.5583
0.1818279,590.516
0.1819262,590.392
0.1820264,590.5192
0.1821271,590.3575
0.1822251,590.3932
0.182323,590.2167
0.1824193,590.281
0.1825176,590.2181
0.1826169,590.2759
0.1827174,590.1133
0.1828148,590.0862
0.1829116,590.0276
0.1830093,590.0985
0.1831062,589.9887
0.1832079,589.9637
0.1833027,589.8126
0.1833994,589.8531
0.1834964,589.7897
0.1835946,589.7221
0.183693,589.6508
0.1837887,589.5632
0.1838885,589.6163
0.1839853,589.5815
0.1840852,589.5471
0.1841822,589.4017
0.1842807,589.403
0.1843765,589.3712
0.1844784,589.3946
0.1845764,589.291
0.184677,589.259
0.1847714,589.1495
0.1848716,589.2241
0.1849716,589.0902
0.1850691,589.1559
0.1851664,588.9507
0.1852645,589.024
0.1853658,588.9401
0.1854657,588.9263
0.185564,588.8292
0.1856625,588.7895
0.185764,588.7803
0.1858646,588.7665
0.1859645,588.6693
0.186062,588.6024
0.1861611,588.5211
0.1862608,588.5468
0.186361,588.4852
0.1864614,588.3854
0.1865602,588.2772
0.1866588,588.2314
0.1867601,588.329
0.1868587,588.1729
0.1869582,588.1838
0.1870529,587.9713
0.1871535,588.117
0.1872543,588.0322
0.1873561,588.0457
0.1874542,587.8676
0.1875515,587.8665
0.1876491,587.7996
0.1877504,587.8229
0.1878504,587.7292
0.1879518,587.6832
0.1880488,587.5653
0.1881493,587.5455
0.1882492,587.5554
0.1883534,587.5132
0.1884515,587.3658
0.1885495,587.2754
0.1886472,587.2238
0.1887469,587.1906
0.1888503,587.1845
0.1889466,587.012
0.1890471,586.9852
0.189149,586.9268
0.1892484,587.0059
0.1893484,586.9197
0.1894473,586.8857
0.189547,586.7636
0.1896465,586.8178
0.1897433,586.6961
0.1898443,586.6752
0.1899431,586.493
0.1900408,586.5669
0.1901406,586.4383
0.1902414,586.4828
0.1903385,586.3206
0.1904371,586.2876
0.1905403,586.2445
0.1906406,586.2184
0.190745,586.1409
0.1908426,586.0271
0.1909402,585.9529
0.1910433,585.9337
0.1911444,585.9099
0.1912437,585.8012
0.1913441,585.7375
0.1914432,585.6589
0.1915445,585.7048
0.1916435,585.5761
0.1917455,585.5327
0.1918432,585.3478
0.1919424,585.4071
0.1920457,585.294
0.1921464,585.3087
0.1922436,585.1082
0.1923443,585.1154
0.1924401,585.0373
0.1925426,585.0862
0.1926418,584.9522
0.1927429,584.8746
0.1928415,584.7765
0.1929395,584.7565
0.1930427,584.7205
0.1931448,584.6664
0.1932444,584.5136
0.1933402,584.415
0.1934408,584.4194
0.1935424,584.3577
0.193644,584.3193
0.193746,584.1374
0.1938458,584.1635
0.193945,584.0388
0.1940449,584.0352
0.1941412,583.8929
0.1942461,583.8414
0.1943441,583.7771
0.1944443,583.8131
0.1945443,583.6948
0.1946461,583.6953
0.1947443,583.4843
0.1948461,583.5405
0.1949473,583.4193
0.1950483,583.4224
0.1951455,583.2506
0.1952458,583.1998
0.1953456,583.1157
0.1954456,583.049
0.1955465,582.9747
0.1956451,582.8446
0.1957449,582.8537
0.1958451,582.7644
0.1959486,582.6899
0.19605,582.5659
0.1961491,582.5245
0.1962509,582.4409
0.1963563,582.4431
0.1964509,582.2891
0.1965535,582.2758
0.1966497,582.1194
0.1967508,582.2178
0.1968518,582.0621
0.196955,582.0128
0.1970533,581.8053
0.1971527,581.8051
0.197256,581.7835
0.1973571,581.7302
0.1974592,581.5819
0.1975584,581.4812
0.1976594,581.3734
0.1977587,581.3774
0.1978594,581.2691
0.1979589,581.2048
0.1980614,581.069
0.1981598,580.9634
0.1982633,581.0216
0.1983633,580.8721
0.1984652,580.8439
0.1985636,580.5945
0.198667,580.6547
0.1987696,580.5233
0.198872,580.4959
0.1989726,580.3356
0.1990735,580.2529
0.1991732,580.1825
0.1992732,580.1616
0.1993743,580.0465
0.1994765,580.0181
0.19958,579.7824
0.1996799,579.7874
0.1997788,579.6442
0.1998803,579.637
0.1999783,579.4582
0.20008,579.4136
0.2001821,579.3334
0.2002818,579.2732
0.2003849,579.1268
0.2004867,578.984
0.2005856,578.965
0.200687,578.8601
0.2007894,578.7683
0.2008915,578.58
0.2009892,578.5549
0.2010884,578.4301
0.2011928,578.4625
0.2012918,578.2487
0.2013925,578.1999
0.2014932,578.0246
0.2015935,578.0471
0.201695,577.9274
0.2017975,577.8935
0.2018982,577.681
0.2020022,577.6463
0.2021001,577.5482
0.2022009,577.5342
0.2023034,577.3641
0.2024053,577.2462
0.2025063,577.1074
0.2026063,577.0541
0.2027094,576.9297
0.2028127,576.85
0.2029145,576.6502
0.2030185,576.5467
0.2031206,576.4914
0.2032215,576.3613
0.2033218,576.2892
0.2034249,576.0872
0.2035268,576.1069
0.2036244,575.9086
0.2037254,575.8923
0.2038296,575.6413
0.2039302,575.6379
0.2040308,575.4805
0.2041368,575.4628
0.2042354,575.2636
0.2043379,575.179
0.204438,574.989
0.2045391,574.968
0.2046396,574.7917
0.2047405,574.7082
0.2048439,574.4616
0.2049438,574.3765
0.205043,574.291
0.2051425,574.1821
0.2052456,574.0643
0.2053425,573.8624
0.2054456,573.7838
0.2055439,573.6245
0.205647,573.5725
0.2057508,573.3658
0.2058526,573.2891
0.2059512,573.1189
0.2060539,573.0514
0.2061542,572.8279
0.2062557,572.7319
0.2063544,572.5234
0.2064588,572.5266
0.2065586,572.2885
0.2066599,572.183
0.2067569,571.9512
0.206857,571.9216
0.2069599,571.7822
0.2070608,571.635
0.2071602,571.4448
0.2072595,571.2727
0.2073653,571.1467
0.2074668,571.0234
0.207572,570.8108
0.2076717,570.6484
0.207774,570.4166
0.2078746,570.3183
0.2079765,570.1571
0.2080765,569.9367
0.2081778,569.7851
0.2082802,569.5182
0.2083795,569.5181
0.2084779,569.2346
0.2085792,569.1567
0.2086785,568.8264
0.2087802,568.7403
0.2088825,568.5021
0.2089838,568.4038
0.209088,568.1472
0.2091835,567.979
0.2092864,567.7277
0.2093897,567.5627
0.2094907,567.3038
0.2095906,567.1114
0.2096918,566.7859
0.2097962,566.6515
0.2098952,566.3816
0.2099932,566.112
0.2100948,565.8584
0.210196,565.5693
0.2102994,565.4185
0.2104029,565.0925
0.2105029,564.8615
0.2105951,564.5284
0.2106977,564.3113
0.2107959,564.0524
0.2108994,563.8214
0.2109846,563.4869
0.2110853,563.2168
0.2111761,562.8861
0.211276,562.7006
0.2113598,562.3701
0.2114469,562.0386
0.2115507,561.712
0.2116177,561.3785
0.2117165,561.1628
0.2117982,560.8303
0.2118786,560.4993
0.2119797,560.1671
0.2120536,559.8362
0.2121489,559.5039
0.2122297,559.173
0.2123138,558.8406
0.2123999,558.5081
0.2124772,558.1722
0.2125614,557.8385
0.2126161,557.502
0.2126886,557.1714
0.2127939,556.8617
0.2128476,556.5311
0.2129119,556.1956
0.2129977,555.8628
0.2130447,555.5311
0.213103,555.1953
0.2131714,554.8635
0.2132506,554.5271
0.2133154,554.1908
0.2133725,553.8604
0.2134593,553.5234
0.2135102,553.1903
0.2135586,552.8546
0.2136365,552.5222
0.2136873,552.1912
0.2137404,551.8585
0.2138031,551.5258
0.2138754,551.1923
0.2139263,550.8581
0.213978,550.5259
0.2140351,550.1925
0.2140979,549.8616
0.2141429,549.5313
0.214195,549.1947
0.2142599,548.8632
0.2143239,548.5245
0.2143684,548.1934
0.2144173,547.8612
0.2144717,547.5279
0.2145331,547.1919
0.2145748,546.8583
0.2146224,546.5278
0.2146682,546.1924
0.2147381,545.8578
0.2147837,545.5198
0.2148306,545.1873
0.2148687,544.8498
0.2149154,544.5159
0.2149695,544.185
0.2150042,543.853
0.2150504,543.5164
0.2150933,543.1786
0.215152,542.846
0.2152048,542.5111
0.2152456,542.1763
0.2152895,541.8438
0.2153279,541.5096
0.2153772,541.1792
0.2154241,540.8438
0.2154625,540.5072
0.2155013,540.1749
0.2155373,539.8412
0.2155797,539.509
0.2156351,539.1735
0.215676,538.8344
0.2157182,538.5034
0.2157579,538.1682
0.2157987,537.8374
0.2158452,537.5059
0.215884,537.1661
0.215921,536.8312
0.2159627,536.4935
0.2159982,536.1611
0.2160409,535.8272
0.2160796,535.4951
0.2161172,535.1567
0.2161517,534.8257
0.2161939,534.4952
0.2162324,534.1586
0.2162851,533.824
0.2163226,533.4922
0.2163516,533.1593
0.2163883,532.8248
0.2164258,532.4878
0.2164595,532.1512
0.2165065,531.8196
0.2165431,531.4857
0.2165714,531.1443
0.2166005,530.8134
0.2166382,530.4741
0.2166715,530.1424
0.2167139,529.8076
0.2167627,529.4711
0.2167978,529.1376
0.216831,528.798
0.2168625,528.4581
0.2168937,528.1236
0.2169268,527.7905
0.2169698,527.4544
0.2170043,527.1227
0.2170325,526.7829
0.2170632,526.4443
0.2170946,526.1111
0.2171236,525.7765
0.2171521,525.4431
0.2171922,525.1051
0.217232,524.7697
0.2172633,524.4321
0.2172927,524.0983
0.2173243,523.7664
0.2173573,523.4308
0.217388,523.0911
0.2174248,522.7537
0.2174598,522.419
0.217489,522.0859
0.217515,521.7518
0.2175439,521.4146
0.2175741,521.0739
0.2176017,520.7365
0.2176316,520.395
0.2176694,520.0566
0.2177001,519.7194
0.2177247,519.3851
0.2177514,519.0432
0.217784,518.7117
0.2178164,518.3716
0.2178432,518.0407
0.2178751,517.7021
0.2179137,517.3653
0.2179437,517.026
0.217972,516.6951
0.2179967,516.3619
0.2180252,516.0182
0.21805,515.6763
0.2180763,515.3454
0.2181077,515.0092
0.218143,514.6737
0.2181734,514.3378
0.2181993,514.0013
0.2182235,513.6575
0.218249,513.3151
0.2182784,512.98
0.218302,512.6425
0.2183299,512.306
0.2183637,511.9646
0.2183948,511.6321
0.218423,511.2912
0.218449,510.9569
0.2184717,510.6236
0.2184977,510.285
0.2185245,509.9523
0.218549,509.6211
0.2185748,509.2778
0.2186039,508.9409
0.2186339,508.6008
0.2186625,508.2697
0.2186888,507.9227
0.2187127,507.5862
0.2187346,507.2484
0.218759,506.9168
0.2187837,506.5719
0.2188065,506.2355
0.2188321,505.9051
0.2188605,505.5645
0.2188898,505.23
0.2189172,504.8922
0.2189412,504.5544
0.2189662,504.2222
0.2189886,503.8845
0.2190131,503.538
0.2190358,503.2057
0.2190591,502.8734
0.2190826,502.5274
0.2191062,502.1869
0.2191341,501.854
0.2191633,501.5143
0.2191875,501.1802
0.2192079,500.8316
0.2192292,500.4849
0.2192517,500.1371
0.219275,499.8018
0.2192989,499.4555
0.2193202,499.1095
0.2193421,498.7785
0.2193681,498.4415
0.2193944,498.1093
0.2194229,497.7701
0.2194457,497.4301
0.2194643,497.0944
0.2194834,496.7511
0.2195067,496.4126
0.2195318,496.0784
0.2195535,495.7477
0.2195746,495.4013
0.2195953,495.0644
0.2196173,494.7288
0.2196407,494.3969
0.2196689,494.0507
0.2196943,493.7033
0.219717,493.3524
0.2197379,493.0093
0.2197591,492.6645
0.2197812,492.3227
0.2198059,491.977
0.2198287,491.6308
0.2198471,491.2902
0.2198653,490.9524
0.2198874,490.6127
0.2199111,490.2693
0.2199358,489.9206
0.2199573,489.57
0.2199759,489.2321
0.2199944,488.8912
0.2200153,488.5495
0.2200352,488.211
0.2200575,487.8761
0.2200808,487.5317
0.2201012,487.1857
0.22012,486.8352
0.2201399,486.4883
0.2201609,486.1576
0.2201832,485.8125
0.2202056,485.466
0.2202259,485.1276
0.2202444,484.7849
0.2202627,484.4466
0.2202822,484.1002
0.2203012,483.7653
0.2203211,483.4153
0.2203401,483.0765
0.2203599,482.7272
0.2203785,482.3751
0.220398,482.0401
0.2204209,481.7003
0.2204438,481.3611
0.2204635,481.0298
0.2204829,480.6846
0.2205006,480.3352
0.2205182,479.9978
0.220535,479.6602
0.2205507,479.3207
0.2205684,478.976
0.2205881,478.6439
0.2206063,478.3126
0.2206241,477.9666
0.2206426,477.6132
0.220661,477.2697
0.2206807,476.9179
0.2207018,476.5845
0.2207244,476.2404
0.2207449,475.9039
0.220764,475.5572
0.2207818,475.2092
0.2207987,474.8748
0.2208156,474.5325
0.2208329,474.1945
0.2208508,473.843
0.2208687,473.5001
0.2208857,473.155
0.2209021,472.8234
0.2209196,472.4854
0.2209359,472.1437
0.2209516,471.8104
0.2209694,471.4683
0.2209888,471.1139
0.2210089,470.7606
0.2210287,470.4226
0.2210464,470.0901
0.2210629,469.7442
0.2210792,469.397
0.221096,469.0366
0.2211116,468.7009
0.2211275,468.367
0.2211438,468.0104
0.2211597,467.66
0.2211757,467.3007
0.221191,466.9659
0.2212059,466.6232
0.2212211,466.2688
0.2212365,465.9237
0.2212524,465.5898
0.22127,465.2421
0.2212877,464.9013
0.2213052,464.5568
0.2213227,464.2016
0.2213403,463.8649
0.2213569,463.5138
0.2213729,463.152
0.2213876,462.8166
0.2214035,462.4779
0.2214186,462.1308
0.2214336,461.7815
0.2214485,461.4325
0.2214632,461.0862
0.2214777,460.7366
0.2214927,460.3836
0.221508,460.025
0.2215219,459.6928
0.2215356,459.3557
0.2215498,459.0183
0.2215642,458.6799
0.2215779,458.3472
0.2215912,458.0164
0.2216051,457.683
0.2216197,457.3438
0.2216342,456.9931
0.2216491,456.6312
0.2216635,456.2653
0.2216782,455.8944
0.2216913,455.5552
0.2217039,455.2049
0.2217159,454.8469
0.2217285,454.4858
0.2217417,454.123
0.2217548,453.765
0.2217679,453.4096
0.2217812,453.05
0.2217956,452.6843
0.2218099,452.3136
0.2218242,451.9362
0.2218368,451.5954
0.2218494,451.2503
0.2218619,450.8976
0.2218744,450.5399
0.2218871,450.175
0.2219002,449.8061
0.2219126,449.4321
0.2219248,449.0472
0.2219353,448.7094
0.2219467,448.3624
0.221959,448.0018
0.2219718,447.6283
0.2219846,447.2405
0.2219952,446.9045
0.2220065,446.5568
0.2220176,446.1947
0.2220288,445.8173
0.2220399,445.4255
0.2220513,445.0216
0.2220608,444.6887
0.2220704,444.3473
0.2220802,443.9966
0.2220899,443.6324
0.2220996,443.2542
0.2221095,442.8623
0.2221198,442.4547
0.2221303,442.0263
0.2221386,441.6879
0.2221476,441.3297
0.2221568,440.9482
0.2221664,440.5391
0.2221765,440.0925
0.2221876,439.5892
0.2221958,439.2029
0.2222079,438.3889
0.2222224,437.1245
0.2222511,434.6548
0.2223023,430.5846
0.2223823,424.8043
0.2224932,417.5201
0.2226299,409.1422
0.2227827,400.1045
0.2229401,390.6284
0.2230941,380.7118
0.2232427,370.2553
0.2233897,359.1589
0.2235413,347.428
0.2237019,335.1807
0.2238719,322.5715
0.2240463,309.7671
0.2242171,296.9425
0.2243765,284.218
0.2245197,271.627
0.2246461,259.1594
0.2247582,246.7991
0.2248609,234.5433
0.2249595,222.4114
0.2250569,210.4373
0.2251527,198.6585
0.2252445,187.1167
0.2253292,175.8514
0.2254051,164.8822
0.2254717,154.2104
0.22553,143.8339
0.2255803,133.7623
0.2256216,124.0312
0.2256514,114.6931
0.2256676,105.7757
0.2256696,97.26073
